{"stats":{"minecraft:custom":{"minecraft:time_since_rest":27042,"minecraft:sprint_one_cm":47310,"minecraft:damage_taken":586,"minecraft:walk_one_cm":55323,"minecraft:mob_kills":14,"minecraft:drop":11,"minecraft:damage_dealt":1871,"minecraft:swim_one_cm":18666,"minecraft:interact_with_crafting_table":3,"minecraft:fly_one_cm":23718,"minecraft:crouch_one_cm":1614,"minecraft:play_time":27042,"minecraft:sneak_time":1133,"minecraft:walk_under_water_one_cm":56,"minecraft:jump":245,"minecraft:damage_dealt_resisted":113,"minecraft:leave_game":10,"minecraft:time_since_death":27042,"minecraft:walk_on_water_one_cm":1160,"minecraft:total_world_time":27042,"minecraft:fall_one_cm":2048,"minecraft:inspect_dispenser":1},"minecraft:used":{"minecraft:red_wool":1,"minecraft:dark_oak_log":3,"minecraft:stone_pickaxe":33,"minecraft:lime_wool":1,"minecraft:wooden_pickaxe":3,"minecraft:stone_axe":47,"minecraft:dirt":6,"minecraft:crafting_table":2,"minecraft:egg":2,"minecraft:cooked_beef":5},"minecraft:crafted":{"minecraft:crafting_table":2,"minecraft:stick":8,"minecraft:wooden_pickaxe":1,"minecraft:stone_pickaxe":1,"minecraft:dark_oak_planks":28,"minecraft:stone_axe":1},"minecraft:mined":{"minecraft:dark_oak_leaves":3,"minecraft:dark_oak_log":26,"minecraft:crafting_table":1,"minecraft:grass":1,"minecraft:grass_block":4,"minecraft:coal_ore":19,"minecraft:dirt":9,"minecraft:red_mushroom_block":3,"minecraft:stone":16},"minecraft:picked_up":{"minecraft:lime_wool":1,"minecraft:crafting_table":1,"minecraft:cooked_beef":15,"minecraft:leather":4,"minecraft:red_wool":1,"minecraft:red_mushroom":2,"sophisticatedbackpacks:backpack":1,"minecraft:porkchop":9,"minecraft:trident":1,"minecraft:carrot":1,"minecraft:dark_oak_log":26,"minecraft:dirt":13,"minecraft:dark_oak_planks":4,"minecraft:rotten_flesh":6,"mysticalagriculture:inferium_essence":2,"minecraft:beef":8,"minecraft:chest":1,"minecraft:coal":18,"minecraft:cobblestone":10,"minecraft:egg":2},"minecraft:dropped":{"minecraft:cooked_beef":10,"minecraft:wooden_pickaxe":1},"minecraft:killed":{"minecraft:zombie":5,"minecraft:pig":3,"minecraft:zombie_villager":1,"minecraft:drowned":1,"minecraft:cow":4}},"DataVersion":3465}