{"stats":{"minecraft:custom":{"minecraft:interact_with_furnace":6,"minecraft:mob_kills":23,"minecraft:interact_with_crafting_table":4,"minecraft:damage_dealt_resisted":113,"minecraft:leave_game":23,"minecraft:time_since_death":2442,"minecraft:time_since_rest":2488,"minecraft:sprint_one_cm":76931,"minecraft:damage_taken":929,"minecraft:walk_one_cm":114666,"minecraft:drop":16,"minecraft:damage_dealt":3205,"minecraft:swim_one_cm":18666,"minecraft:fly_one_cm":36490,"minecraft:crouch_one_cm":2129,"minecraft:play_time":55783,"minecraft:deaths":1,"minecraft:sneak_time":1369,"minecraft:walk_under_water_one_cm":2538,"minecraft:boat_one_cm":65847,"minecraft:jump":356,"minecraft:walk_on_water_one_cm":6161,"minecraft:total_world_time":55783,"minecraft:fall_one_cm":2383,"minecraft:inspect_dispenser":1},"minecraft:killed_by":{"iceandfire:siren":1},"minecraft:used":{"minecraft:cooked_mutton":1,"minecraft:stone_pickaxe":58,"minecraft:lime_wool":1,"minecraft:wooden_pickaxe":3,"minecraft:white_wool":1,"minecraft:dirt":6,"minecraft:crafting_table":3,"minecraft:carrot":1,"minecraft:dark_oak_log":3,"minecraft:red_wool":1,"minecraft:stone_axe":75,"minecraft:dark_oak_boat":1,"minecraft:cooked_porkchop":2,"minecraft:egg":2,"minecraft:cooked_beef":5},"minecraft:crafted":{"minecraft:dark_oak_boat":1,"minecraft:crafting_table":2,"minecraft:wooden_pickaxe":1,"minecraft:stone_axe":1,"minecraft:stick":8,"minecraft:stone_pickaxe":1,"minecraft:dark_oak_planks":28},"minecraft:mined":{"minecraft:dark_oak_leaves":3,"minecraft:dark_oak_log":29,"minecraft:crafting_table":2,"minecraft:grass_block":7,"minecraft:grass":3,"minecraft:oak_log":12,"minecraft:coal_ore":19,"minecraft:dirt":9,"minecraft:red_mushroom_block":3,"minecraft:stone":41,"minecraft:oak_leaves":2},"minecraft:picked_up":{"minecraft:crafting_table":2,"minecraft:cooked_beef":17,"minecraft:leather":10,"minecraft:red_mushroom":2,"minecraft:oak_log":12,"minecraft:dirt":16,"minecraft:cooked_mutton":2,"minecraft:kelp":1,"minecraft:wheat_seeds":1,"mysticalagriculture:inferium_essence":4,"minecraft:beef":16,"minecraft:chest":1,"minecraft:egg":2,"minecraft:lime_wool":1,"minecraft:cooked_porkchop":2,"minecraft:red_wool":1,"sophisticatedbackpacks:backpack":1,"minecraft:porkchop":9,"minecraft:carrot":1,"minecraft:trident":1,"minecraft:dark_oak_log":29,"minecraft:dark_oak_planks":4,"minecraft:rotten_flesh":6,"minecraft:mutton":6,"minecraft:coal":20,"minecraft:white_wool":4,"minecraft:cobblestone":29},"minecraft:dropped":{"minecraft:kelp":1,"minecraft:cooked_beef":10,"minecraft:leather":4,"minecraft:wooden_pickaxe":1},"minecraft:killed":{"minecraft:pig":3,"minecraft:zombie_villager":1,"alexsmobs:skunk":1,"minecraft:sheep":4,"minecraft:zombie":5,"minecraft:drowned":1,"minecraft:cow":8}},"DataVersion":3465}