{"stats":{"minecraft:custom":{"minecraft:time_since_rest":48269,"minecraft:interact_with_furnace":6,"minecraft:sprint_one_cm":74354,"minecraft:damage_taken":679,"minecraft:walk_one_cm":113017,"minecraft:mob_kills":23,"minecraft:drop":15,"minecraft:damage_dealt":3115,"minecraft:swim_one_cm":18666,"minecraft:interact_with_crafting_table":4,"minecraft:fly_one_cm":28598,"minecraft:play_time":48269,"minecraft:crouch_one_cm":1756,"minecraft:sneak_time":1226,"minecraft:walk_under_water_one_cm":56,"minecraft:damage_dealt_resisted":113,"minecraft:jump":323,"minecraft:leave_game":20,"minecraft:time_since_death":48269,"minecraft:walk_on_water_one_cm":1160,"minecraft:total_world_time":48269,"minecraft:fall_one_cm":2048,"minecraft:inspect_dispenser":1},"minecraft:used":{"minecraft:cooked_mutton":1,"minecraft:red_wool":1,"minecraft:dark_oak_log":3,"minecraft:stone_pickaxe":58,"minecraft:lime_wool":1,"minecraft:wooden_pickaxe":3,"minecraft:stone_axe":74,"minecraft:dirt":6,"minecraft:crafting_table":3,"minecraft:cooked_porkchop":2,"minecraft:carrot":1,"minecraft:egg":2,"minecraft:cooked_beef":5},"minecraft:crafted":{"minecraft:dark_oak_boat":1,"minecraft:crafting_table":2,"minecraft:stick":8,"minecraft:wooden_pickaxe":1,"minecraft:stone_pickaxe":1,"minecraft:dark_oak_planks":28,"minecraft:stone_axe":1},"minecraft:mined":{"minecraft:dark_oak_leaves":3,"minecraft:dark_oak_log":26,"minecraft:crafting_table":2,"minecraft:grass":3,"minecraft:grass_block":7,"minecraft:coal_ore":19,"minecraft:oak_log":12,"minecraft:dirt":9,"minecraft:red_mushroom_block":3,"minecraft:stone":41,"minecraft:oak_leaves":2},"minecraft:picked_up":{"minecraft:lime_wool":1,"minecraft:crafting_table":2,"minecraft:cooked_beef":17,"minecraft:cooked_porkchop":2,"minecraft:leather":10,"minecraft:red_wool":1,"minecraft:red_mushroom":2,"sophisticatedbackpacks:backpack":1,"minecraft:porkchop":9,"minecraft:oak_log":12,"minecraft:trident":1,"minecraft:carrot":1,"minecraft:dark_oak_log":26,"minecraft:dirt":16,"minecraft:dark_oak_planks":4,"minecraft:cooked_mutton":2,"minecraft:rotten_flesh":6,"minecraft:wheat_seeds":1,"mysticalagriculture:inferium_essence":4,"minecraft:beef":16,"minecraft:chest":1,"minecraft:mutton":6,"minecraft:coal":20,"minecraft:white_wool":4,"minecraft:cobblestone":29,"minecraft:egg":2},"minecraft:dropped":{"minecraft:cooked_beef":10,"minecraft:leather":4,"minecraft:wooden_pickaxe":1},"minecraft:killed":{"minecraft:sheep":4,"minecraft:zombie":5,"minecraft:pig":3,"minecraft:zombie_villager":1,"alexsmobs:skunk":1,"minecraft:drowned":1,"minecraft:cow":8}},"DataVersion":3465}