{"stats":{"minecraft:custom":{"minecraft:time_since_rest":33652,"minecraft:interact_with_furnace":1,"minecraft:sprint_one_cm":71470,"minecraft:damage_taken":586,"minecraft:walk_one_cm":76322,"minecraft:mob_kills":23,"minecraft:drop":11,"minecraft:damage_dealt":2671,"minecraft:swim_one_cm":18666,"minecraft:interact_with_crafting_table":3,"minecraft:fly_one_cm":27560,"minecraft:crouch_one_cm":1614,"minecraft:play_time":33652,"minecraft:sneak_time":1133,"minecraft:walk_under_water_one_cm":56,"minecraft:damage_dealt_resisted":113,"minecraft:jump":290,"minecraft:leave_game":13,"minecraft:time_since_death":33652,"minecraft:walk_on_water_one_cm":1160,"minecraft:total_world_time":33652,"minecraft:fall_one_cm":2048,"minecraft:inspect_dispenser":1},"minecraft:used":{"minecraft:red_wool":1,"minecraft:dark_oak_log":3,"minecraft:stone_pickaxe":48,"minecraft:lime_wool":1,"minecraft:wooden_pickaxe":3,"minecraft:stone_axe":59,"minecraft:dirt":6,"minecraft:crafting_table":2,"minecraft:egg":2,"minecraft:cooked_beef":5},"minecraft:crafted":{"minecraft:crafting_table":2,"minecraft:stick":8,"minecraft:wooden_pickaxe":1,"minecraft:stone_pickaxe":1,"minecraft:dark_oak_planks":28,"minecraft:stone_axe":1},"minecraft:mined":{"minecraft:dark_oak_leaves":3,"minecraft:dark_oak_log":26,"minecraft:crafting_table":1,"minecraft:grass":2,"minecraft:grass_block":6,"minecraft:coal_ore":19,"minecraft:dirt":9,"minecraft:red_mushroom_block":3,"minecraft:stone":31},"minecraft:picked_up":{"minecraft:lime_wool":1,"minecraft:crafting_table":1,"minecraft:cooked_beef":15,"minecraft:leather":10,"minecraft:red_wool":1,"minecraft:red_mushroom":2,"sophisticatedbackpacks:backpack":1,"minecraft:porkchop":9,"minecraft:trident":1,"minecraft:carrot":1,"minecraft:dark_oak_log":26,"minecraft:dirt":15,"minecraft:dark_oak_planks":4,"minecraft:rotten_flesh":6,"minecraft:wheat_seeds":1,"mysticalagriculture:inferium_essence":4,"minecraft:beef":16,"minecraft:chest":1,"minecraft:mutton":6,"minecraft:coal":18,"minecraft:white_wool":4,"minecraft:cobblestone":23,"minecraft:egg":2},"minecraft:dropped":{"minecraft:cooked_beef":10,"minecraft:wooden_pickaxe":1},"minecraft:killed":{"minecraft:sheep":4,"minecraft:zombie":5,"minecraft:pig":3,"minecraft:zombie_villager":1,"alexsmobs:skunk":1,"minecraft:drowned":1,"minecraft:cow":8}},"DataVersion":3465}