{"stats":{"minecraft:custom":{"minecraft:time_since_rest":16524,"minecraft:damage_taken":51,"minecraft:crouch_one_cm":1151,"minecraft:play_time":16524,"minecraft:sprint_one_cm":10545,"minecraft:walk_one_cm":24612,"minecraft:sneak_time":538,"minecraft:drop":11,"minecraft:jump":72,"minecraft:damage_dealt":30,"minecraft:leave_game":6,"minecraft:time_since_death":16524,"minecraft:interact_with_crafting_table":3,"minecraft:total_world_time":16524,"minecraft:fly_one_cm":3985,"minecraft:inspect_dispenser":1,"minecraft:fall_one_cm":751},"minecraft:used":{"minecraft:stone_axe":11,"minecraft:dark_oak_log":1,"minecraft:crafting_table":2,"minecraft:stone_pickaxe":33,"minecraft:wooden_pickaxe":3,"minecraft:cooked_beef":1},"minecraft:crafted":{"minecraft:dark_oak_planks":28,"minecraft:stone_axe":1,"minecraft:crafting_table":2,"minecraft:stick":8,"minecraft:wooden_pickaxe":1,"minecraft:stone_pickaxe":1},"minecraft:mined":{"minecraft:grass_block":4,"minecraft:coal_ore":19,"minecraft:dirt":9,"minecraft:dark_oak_log":18,"minecraft:stone":16,"minecraft:crafting_table":1},"minecraft:picked_up":{"minecraft:dark_oak_planks":4,"minecraft:lime_wool":1,"minecraft:crafting_table":1,"minecraft:cooked_beef":15,"minecraft:red_wool":1,"minecraft:chest":1,"minecraft:dark_oak_log":18,"minecraft:coal":18,"minecraft:dirt":13,"minecraft:cobblestone":10},"minecraft:dropped":{"minecraft:wooden_pickaxe":1,"minecraft:cooked_beef":10}},"DataVersion":3465}