{"stats":{"minecraft:custom":{"minecraft:jump":14,"minecraft:time_since_rest":5869,"minecraft:sprint_one_cm":9369,"minecraft:play_time":5869,"minecraft:walk_on_water_one_cm":137,"minecraft:time_since_death":5869,"minecraft:walk_one_cm":27435,"minecraft:total_world_time":5869,"minecraft:drop":1,"minecraft:fall_one_cm":209,"minecraft:fly_one_cm":12197},"minecraft:used":{"create:cut_andesite_bricks":64,"create:andesite_pillar":6,"create:cut_diorite_bricks":109,"create:small_diorite_brick_stairs":8},"minecraft:picked_up":{"alexsmobs:flying_fish":2},"minecraft:dropped":{"alexsmobs:flying_fish":1}},"DataVersion":3465}