{"stats":{"minecraft:custom":{"minecraft:time_since_rest":41618,"minecraft:crouch_one_cm":772,"minecraft:sprint_one_cm":28147,"minecraft:play_time":41618,"minecraft:walk_one_cm":92261,"minecraft:sneak_time":595,"minecraft:mob_kills":1,"minecraft:drop":2,"minecraft:jump":143,"minecraft:damage_dealt":463,"minecraft:leave_game":1,"minecraft:walk_on_water_one_cm":315,"minecraft:time_since_death":41618,"minecraft:total_world_time":41618,"minecraft:player_kills":1,"minecraft:fall_one_cm":209,"minecraft:fly_one_cm":50157,"minecraft:damage_taken":126},"minecraft:used":{"create:small_diorite_brick_stairs":8,"create:oak_window":2,"minecraft:diamond_sword":6,"minecraft:bedrock":72,"minecraft:torch":6,"cfm:oak_table":2,"create:framed_glass":31,"cfm:stripped_jungle_chair":6,"create:andesite_pillar":6,"create:brass_block":1,"minecraft:sand":1,"mcwroofs:light_gray_concrete_roof":38,"create:cut_diorite_bricks":109,"minecraft:command_block":2,"mcwlights:classic_street_lamp":1,"mcwlights:white_lamp":2,"create:cut_andesite_bricks":149,"mcwlights:covered_wall_lantern":6,"minecraft:cooked_beef":1,"minecraft:oak_hanging_sign":1,"minecraft:deepslate":83},"minecraft:mined":{"cfm:stripped_jungle_chair":1},"minecraft:picked_up":{"minecraft:torch":2,"alexsmobs:flying_fish":2,"cfm:stripped_jungle_chair":1},"minecraft:dropped":{"minecraft:cooked_beef":1,"alexsmobs:flying_fish":1},"minecraft:killed":{"minecraft:skeleton":1,"minecraft:player":1}},"DataVersion":3465}