{"stats":{"minecraft:custom":{"minecraft:time_since_rest":53618,"minecraft:damage_taken":126,"minecraft:sprint_one_cm":39368,"minecraft:walk_one_cm":99159,"minecraft:mob_kills":1,"minecraft:drop":22,"minecraft:damage_dealt":473,"minecraft:fly_one_cm":63625,"minecraft:player_kills":1,"minecraft:open_chest":1,"minecraft:crouch_one_cm":772,"minecraft:play_time":53618,"minecraft:sneak_time":595,"minecraft:jump":208,"minecraft:leave_game":1,"minecraft:time_since_death":53618,"minecraft:walk_on_water_one_cm":315,"minecraft:total_world_time":53618,"minecraft:fall_one_cm":209},"minecraft:used":{"create:small_diorite_brick_stairs":8,"cfm:oak_table":2,"create:framed_glass":31,"create:brass_block":1,"minecraft:lava_bucket":2,"mcwroofs:light_gray_concrete_roof":38,"minecraft:command_block":2,"mcwlights:white_lamp":2,"create:cut_andesite_bricks":149,"minecraft:chest":1,"minecraft:chainmail_helmet":1,"minecraft:deepslate":83,"create:oak_window":2,"minecraft:bedrock":72,"minecraft:torch":6,"create:andesite_pillar":6,"cfm:stripped_jungle_chair":6,"minecraft:diamond_sword":6,"minecraft:sand":1,"create:cut_diorite_bricks":109,"minecraft:chainmail_boots":1,"mcwlights:classic_street_lamp":1,"minecraft:chainmail_chestplate":1,"mcwlights:covered_wall_lantern":6,"minecraft:oak_wood":1,"minecraft:cooked_beef":1,"minecraft:oak_hanging_sign":1,"minecraft:chainmail_leggings":1},"minecraft:mined":{"cfm:stripped_jungle_chair":1},"minecraft:picked_up":{"minecraft:cooked_beef":515,"minecraft:torch":2,"cfm:stripped_jungle_chair":1,"alexsmobs:flying_fish":2},"minecraft:dropped":{"minecraft:cooked_beef":883,"alexsmobs:flying_fish":1,"minecraft:cooked_mutton":2},"minecraft:killed":{"minecraft:skeleton":1,"minecraft:player":1}},"DataVersion":3465}