{"stats":{"minecraft:custom":{"minecraft:time_since_rest":18137,"minecraft:crouch_one_cm":340,"minecraft:play_time":18137,"minecraft:sprint_one_cm":19080,"minecraft:walk_one_cm":56840,"minecraft:sneak_time":366,"minecraft:drop":1,"minecraft:jump":44,"minecraft:leave_game":1,"minecraft:time_since_death":18137,"minecraft:walk_on_water_one_cm":137,"minecraft:total_world_time":18137,"minecraft:fall_one_cm":209,"minecraft:fly_one_cm":39913},"minecraft:used":{"create:small_diorite_brick_stairs":8,"create:oak_window":2,"minecraft:torch":4,"cfm:oak_table":2,"create:framed_glass":31,"create:brass_block":1,"create:andesite_pillar":6,"cfm:stripped_jungle_chair":5,"minecraft:sand":1,"create:cut_diorite_bricks":109,"mcwroofs:light_gray_concrete_roof":38,"minecraft:command_block":1,"mcwlights:classic_street_lamp":1,"mcwlights:white_lamp":2,"create:cut_andesite_bricks":149,"mcwlights:covered_wall_lantern":6,"minecraft:oak_hanging_sign":1,"minecraft:deepslate":61},"minecraft:picked_up":{"alexsmobs:flying_fish":2},"minecraft:dropped":{"alexsmobs:flying_fish":1}},"DataVersion":3465}