{"stats":{"minecraft:custom":{"minecraft:mob_kills":3,"minecraft:interact_with_crafting_table":3,"minecraft:leave_game":1,"minecraft:time_since_death":77618,"minecraft:time_since_rest":77618,"minecraft:sprint_one_cm":87464,"minecraft:damage_taken":260,"minecraft:walk_one_cm":141494,"minecraft:drop":35,"minecraft:damage_dealt":915,"minecraft:swim_one_cm":2778,"minecraft:fly_one_cm":121631,"minecraft:player_kills":1,"minecraft:open_chest":2,"minecraft:crouch_one_cm":7152,"minecraft:play_time":77618,"minecraft:sneak_time":2033,"minecraft:walk_under_water_one_cm":3798,"minecraft:jump":483,"minecraft:walk_on_water_one_cm":1599,"minecraft:total_world_time":77618,"minecraft:fall_one_cm":5765,"minecraft:inspect_dispenser":9},"minecraft:used":{"create:framed_glass":31,"create:brass_block":1,"minecraft:stone_sword":5,"mcwlights:white_lamp":2,"minecraft:dispenser":2,"minecraft:stone_pickaxe":7,"minecraft:chest":1,"minecraft:wooden_pickaxe":38,"minecraft:chainmail_helmet":1,"create:oak_window":2,"minecraft:torch":6,"minecraft:dirt":5,"minecraft:sand":54,"create:cut_diorite_bricks":109,"minecraft:crafting_table":2,"minecraft:chainmail_chestplate":1,"mcwlights:covered_wall_lantern":6,"minecraft:oak_wood":1,"create:small_diorite_brick_stairs":8,"cfm:oak_table":2,"minecraft:lava_bucket":2,"mcwroofs:light_gray_concrete_roof":38,"minecraft:command_block":2,"create:cut_andesite_bricks":149,"minecraft:deepslate":83,"minecraft:bedrock":72,"minecraft:stone_axe":20,"minecraft:birch_button":4,"minecraft:diamond_sword":6,"create:andesite_pillar":6,"cfm:stripped_jungle_chair":6,"minecraft:chainmail_boots":1,"mcwlights:classic_street_lamp":1,"minecraft:cooked_beef":3,"minecraft:oak_hanging_sign":1,"minecraft:chainmail_leggings":1},"minecraft:crafted":{"minecraft:stone_shovel":1,"minecraft:crafting_table":4,"minecraft:wooden_pickaxe":1,"minecraft:dark_oak_button":1,"minecraft:stone_axe":1,"minecraft:stick":76,"minecraft:stone_pickaxe":1,"minecraft:stone_sword":1,"minecraft:dark_oak_planks":60},"minecraft:mined":{"minecraft:dark_oak_log":4,"minecraft:crafting_table":2,"minecraft:grass_block":1,"minecraft:chest":1,"cfm:stripped_jungle_chair":1,"minecraft:tall_seagrass":1,"minecraft:grass":1,"minecraft:coal_ore":7,"minecraft:oak_log":16,"minecraft:dirt":4,"minecraft:oak_hanging_sign":1,"minecraft:stone":38},"minecraft:picked_up":{"minecraft:crafting_table":2,"minecraft:cooked_beef":579,"minecraft:dark_oak_button":1,"minecraft:wooden_pickaxe":1,"minecraft:birch_button":2,"minecraft:oak_log":16,"minecraft:string":2,"minecraft:dirt":5,"minecraft:stone_hoe":1,"minecraft:lime_wool":1,"minecraft:torch":2,"minecraft:red_wool":11,"minecraft:porkchop":2,"minecraft:sand":19,"minecraft:dark_oak_log":15,"cfm:stripped_jungle_chair":1,"minecraft:dark_oak_planks":2,"minecraft:coal":8,"alexsmobs:flying_fish":3,"minecraft:cobblestone":43},"minecraft:dropped":{"minecraft:stone_hoe":1,"minecraft:cooked_beef":952,"minecraft:dark_oak_button":2,"minecraft:cooked_mutton":2,"minecraft:stick":3,"alexsmobs:flying_fish":2,"minecraft:sand":1,"minecraft:wooden_pickaxe":1,"minecraft:string":2,"minecraft:dark_oak_planks":4},"minecraft:killed":{"minecraft:pig":1,"minecraft:spider":1,"minecraft:skeleton":1,"minecraft:player":1}},"DataVersion":3465}