{"stats":{"minecraft:custom":{"minecraft:time_since_rest":29618,"minecraft:crouch_one_cm":372,"minecraft:sprint_one_cm":24116,"minecraft:play_time":29618,"minecraft:walk_one_cm":82876,"minecraft:sneak_time":529,"minecraft:mob_kills":1,"minecraft:drop":1,"minecraft:jump":62,"minecraft:damage_dealt":453,"minecraft:leave_game":1,"minecraft:walk_on_water_one_cm":137,"minecraft:time_since_death":29618,"minecraft:total_world_time":29618,"minecraft:player_kills":1,"minecraft:fall_one_cm":209,"minecraft:fly_one_cm":43731,"minecraft:damage_taken":10},"minecraft:used":{"create:small_diorite_brick_stairs":8,"create:oak_window":2,"minecraft:diamond_sword":6,"minecraft:bedrock":72,"minecraft:torch":6,"cfm:oak_table":2,"create:framed_glass":31,"cfm:stripped_jungle_chair":5,"create:andesite_pillar":6,"create:brass_block":1,"minecraft:sand":1,"mcwroofs:light_gray_concrete_roof":38,"create:cut_diorite_bricks":109,"minecraft:command_block":2,"mcwlights:classic_street_lamp":1,"mcwlights:white_lamp":2,"create:cut_andesite_bricks":149,"mcwlights:covered_wall_lantern":6,"minecraft:oak_hanging_sign":1,"minecraft:deepslate":83},"minecraft:picked_up":{"minecraft:torch":2,"alexsmobs:flying_fish":2},"minecraft:dropped":{"alexsmobs:flying_fish":1},"minecraft:killed":{"minecraft:skeleton":1,"minecraft:player":1}},"DataVersion":3465}