{"stats":{"minecraft:custom":{"lootr:looted_stat":1,"minecraft:interact_with_furnace":18,"minecraft:mob_kills":19,"minecraft:interact_with_crafting_table":10,"minecraft:leave_game":2,"minecraft:time_since_death":10326,"minecraft:climb_one_cm":140,"minecraft:time_since_rest":10584,"minecraft:sprint_one_cm":236569,"minecraft:damage_taken":2516,"minecraft:walk_one_cm":208694,"minecraft:drop":62,"minecraft:damage_dealt":3654,"minecraft:swim_one_cm":29758,"minecraft:fly_one_cm":391165,"minecraft:player_kills":1,"minecraft:open_chest":2,"minecraft:crouch_one_cm":12054,"minecraft:play_time":147445,"minecraft:deaths":4,"minecraft:sneak_time":4672,"minecraft:walk_under_water_one_cm":7292,"minecraft:boat_one_cm":873555,"minecraft:jump":1695,"minecraft:walk_on_water_one_cm":14873,"minecraft:total_world_time":147445,"minecraft:fall_one_cm":34240,"minecraft:inspect_dispenser":9},"minecraft:killed_by":{"minecraft:skeleton":1,"iceandfire:siren":1,"iceandfire:troll":1},"minecraft:used":{"create:framed_glass":31,"create:brass_block":1,"minecraft:stone_sword":14,"mcwlights:white_lamp":2,"minecraft:stone_pickaxe":60,"minecraft:dispenser":2,"minecraft:stone_shovel":28,"minecraft:chest":1,"minecraft:wooden_pickaxe":48,"minecraft:chainmail_helmet":1,"minecraft:cooked_chicken":4,"create:oak_window":2,"minecraft:cracked_stone_bricks":1,"minecraft:torch":6,"minecraft:glow_berries":20,"minecraft:dirt":23,"minecraft:sand":54,"create:cut_diorite_bricks":109,"minecraft:crafting_table":11,"minecraft:chainmail_chestplate":1,"mcwlights:covered_wall_lantern":6,"minecraft:oak_wood":1,"create:small_diorite_brick_stairs":8,"cfm:oak_table":2,"minecraft:lava_bucket":2,"mcwroofs:light_gray_concrete_roof":38,"minecraft:command_block":2,"create:cut_andesite_bricks":149,"minecraft:deepslate":83,"minecraft:stone_axe":54,"minecraft:bedrock":72,"minecraft:birch_button":4,"create:andesite_pillar":6,"cfm:stripped_jungle_chair":6,"minecraft:diamond_sword":6,"minecraft:cobblestone":29,"minecraft:dark_oak_boat":3,"minecraft:chainmail_boots":1,"mcwlights:classic_street_lamp":1,"minecraft:oak_boat":1,"minecraft:egg":1,"minecraft:cooked_beef":13,"minecraft:oak_hanging_sign":1,"minecraft:chainmail_leggings":1},"minecraft:crafted":{"minecraft:cooked_beef":9,"minecraft:oak_planks":16,"minecraft:stone_shovel":1,"minecraft:dark_oak_boat":2,"minecraft:crafting_table":7,"minecraft:cooked_chicken":4,"minecraft:wooden_pickaxe":2,"minecraft:dark_oak_button":1,"minecraft:birch_planks":12,"minecraft:stone_axe":1,"minecraft:air":0,"minecraft:oak_boat":2,"minecraft:stick":88,"minecraft:iron_pickaxe":1,"minecraft:iron_ingot":3,"minecraft:stone_pickaxe":1,"minecraft:stone_sword":1,"minecraft:dark_oak_planks":84},"minecraft:mined":{"iceandfire:graveyard_soil":2,"minecraft:dark_oak_log":10,"minecraft:crafting_table":5,"minecraft:cave_vines_plant":1,"minecraft:grass_block":10,"minecraft:chest":1,"minecraft:cobblestone":2,"minecraft:tall_grass":2,"cfm:stripped_jungle_chair":1,"minecraft:large_fern":1,"minecraft:tall_seagrass":1,"minecraft:birch_log":3,"minecraft:iron_ore":12,"minecraft:birch_leaves":1,"minecraft:wither_rose":1,"minecraft:grass":7,"minecraft:oak_log":19,"minecraft:coal_ore":23,"minecraft:dirt":26,"minecraft:cracked_stone_bricks":1,"minecraft:azalea":1,"minecraft:oak_hanging_sign":1,"minecraft:stone":70,"minecraft:fern":1},"minecraft:picked_up":{"minecraft:birch_log":3,"minecraft:crafting_table":5,"minecraft:feather":5,"minecraft:cooked_beef":579,"minecraft:dark_oak_button":1,"minecraft:chicken":4,"minecraft:dark_oak_boat":3,"minecraft:leather":4,"minecraft:lead":2,"minecraft:wooden_pickaxe":1,"minecraft:wither_rose":1,"minecraft:birch_button":2,"minecraft:oak_log":19,"minecraft:gunpowder":2,"minecraft:string":3,"minecraft:dirt":32,"minecraft:bone":2,"minecraft:kelp":6,"minecraft:cracked_stone_bricks":1,"mysticalagriculture:inferium_essence":6,"minecraft:stone_hoe":1,"minecraft:stick":4,"minecraft:egg":2,"minecraft:lime_wool":1,"minecraft:raw_iron":12,"minecraft:red_wool":11,"minecraft:torch":2,"minecraft:porkchop":2,"minecraft:sand":19,"alexsmobs:kangaroo_hide":3,"minecraft:dark_oak_log":21,"cfm:stripped_jungle_chair":1,"minecraft:dark_oak_planks":2,"minecraft:arrow":1,"alexsmobs:kangaroo_meat":8,"minecraft:black_wool":1,"minecraft:mutton":5,"minecraft:white_wool":3,"minecraft:glow_berries":13,"minecraft:coal":22,"alexsmobs:flying_fish":3,"minecraft:cobblestone":81},"minecraft:dropped":{"minecraft:stone_hoe":1,"minecraft:kelp":6,"minecraft:birch_planks":3,"minecraft:cooked_beef":952,"minecraft:lead":2,"minecraft:oak_planks":4,"minecraft:dark_oak_button":2,"minecraft:cooked_mutton":2,"minecraft:stick":13,"minecraft:dirt":9,"minecraft:wither_rose":1,"mysticalagriculture:inferium_essence":6,"alexsmobs:flying_fish":2,"minecraft:oak_boat":1,"minecraft:sand":1,"minecraft:arrow":1,"minecraft:wooden_pickaxe":2,"minecraft:dark_oak_boat":1,"minecraft:black_wool":1,"minecraft:dark_oak_planks":5,"minecraft:string":3,"minecraft:egg":1,"minecraft:bone":2},"minecraft:killed":{"minecraft:pig":1,"minecraft:spider":2,"minecraft:sheep":4,"minecraft:skeleton":1,"minecraft:chicken":4,"alexsmobs:gazelle":1,"alexsmobs:kangaroo":6,"minecraft:player":1}},"DataVersion":3465}