{"stats":{"minecraft:custom":{"minecraft:mob_kills":3,"minecraft:interact_with_crafting_table":3,"minecraft:leave_game":2,"minecraft:time_since_death":88833,"minecraft:time_since_rest":88833,"minecraft:sprint_one_cm":111398,"minecraft:damage_taken":610,"minecraft:walk_one_cm":152075,"minecraft:drop":35,"minecraft:damage_dealt":1298,"minecraft:swim_one_cm":2778,"minecraft:fly_one_cm":161830,"minecraft:player_kills":1,"minecraft:open_chest":2,"minecraft:crouch_one_cm":9103,"minecraft:play_time":88833,"minecraft:sneak_time":3169,"minecraft:walk_under_water_one_cm":3798,"minecraft:jump":718,"minecraft:walk_on_water_one_cm":2421,"minecraft:total_world_time":88833,"minecraft:fall_one_cm":12004,"minecraft:inspect_dispenser":9},"minecraft:used":{"create:framed_glass":31,"create:brass_block":1,"minecraft:stone_sword":9,"minecraft:stone_shovel":16,"mcwlights:white_lamp":2,"minecraft:dispenser":2,"minecraft:stone_pickaxe":36,"minecraft:chest":1,"minecraft:wooden_pickaxe":38,"minecraft:chainmail_helmet":1,"create:oak_window":2,"minecraft:torch":6,"minecraft:glow_berries":12,"minecraft:dirt":20,"minecraft:sand":54,"create:cut_diorite_bricks":109,"minecraft:crafting_table":2,"minecraft:chainmail_chestplate":1,"mcwlights:covered_wall_lantern":6,"minecraft:oak_wood":1,"create:small_diorite_brick_stairs":8,"cfm:oak_table":2,"minecraft:lava_bucket":2,"mcwroofs:light_gray_concrete_roof":38,"minecraft:command_block":2,"create:cut_andesite_bricks":149,"minecraft:deepslate":83,"minecraft:bedrock":72,"minecraft:stone_axe":23,"minecraft:birch_button":4,"minecraft:diamond_sword":6,"create:andesite_pillar":6,"cfm:stripped_jungle_chair":6,"minecraft:cobblestone":3,"minecraft:chainmail_boots":1,"mcwlights:classic_street_lamp":1,"minecraft:cooked_beef":6,"minecraft:oak_hanging_sign":1,"minecraft:chainmail_leggings":1},"minecraft:crafted":{"minecraft:stone_shovel":1,"minecraft:crafting_table":4,"minecraft:wooden_pickaxe":1,"minecraft:dark_oak_button":1,"minecraft:stone_axe":1,"minecraft:stick":76,"minecraft:stone_pickaxe":1,"minecraft:stone_sword":1,"minecraft:dark_oak_planks":60},"minecraft:mined":{"minecraft:dark_oak_log":4,"minecraft:crafting_table":2,"minecraft:cave_vines_plant":1,"minecraft:grass_block":3,"minecraft:chest":1,"minecraft:tall_grass":2,"cfm:stripped_jungle_chair":1,"minecraft:tall_seagrass":1,"minecraft:iron_ore":3,"minecraft:grass":1,"minecraft:coal_ore":13,"minecraft:oak_log":16,"minecraft:dirt":20,"minecraft:azalea":1,"minecraft:oak_hanging_sign":1,"minecraft:stone":58},"minecraft:picked_up":{"minecraft:crafting_table":2,"minecraft:cooked_beef":579,"minecraft:dark_oak_button":1,"minecraft:wooden_pickaxe":1,"minecraft:birch_button":2,"minecraft:oak_log":16,"minecraft:string":2,"minecraft:dirt":23,"minecraft:bone":1,"minecraft:stone_hoe":1,"minecraft:lime_wool":1,"minecraft:raw_iron":3,"minecraft:torch":2,"minecraft:red_wool":11,"minecraft:porkchop":2,"minecraft:sand":19,"minecraft:dark_oak_log":15,"cfm:stripped_jungle_chair":1,"minecraft:dark_oak_planks":2,"minecraft:glow_berries":13,"minecraft:coal":14,"alexsmobs:flying_fish":3,"minecraft:cobblestone":63},"minecraft:dropped":{"minecraft:stone_hoe":1,"minecraft:cooked_beef":952,"minecraft:dark_oak_button":2,"minecraft:cooked_mutton":2,"minecraft:stick":3,"alexsmobs:flying_fish":2,"minecraft:sand":1,"minecraft:wooden_pickaxe":1,"minecraft:string":2,"minecraft:dark_oak_planks":4},"minecraft:killed":{"minecraft:pig":1,"minecraft:spider":1,"minecraft:skeleton":1,"minecraft:player":1}},"DataVersion":3465}