{"stats":{"minecraft:custom":{"minecraft:interact_with_furnace":18,"minecraft:mob_kills":7,"minecraft:interact_with_crafting_table":6,"minecraft:leave_game":2,"minecraft:time_since_death":15480,"minecraft:climb_one_cm":140,"minecraft:time_since_rest":15508,"minecraft:sprint_one_cm":183228,"minecraft:damage_taken":1384,"minecraft:walk_one_cm":188207,"minecraft:drop":47,"minecraft:damage_dealt":1543,"minecraft:swim_one_cm":18519,"minecraft:fly_one_cm":270207,"minecraft:player_kills":1,"minecraft:open_chest":2,"minecraft:crouch_one_cm":11285,"minecraft:play_time":111445,"minecraft:deaths":2,"minecraft:sneak_time":4280,"minecraft:walk_under_water_one_cm":6304,"minecraft:jump":1259,"minecraft:walk_on_water_one_cm":4480,"minecraft:total_world_time":111445,"minecraft:fall_one_cm":24904,"minecraft:inspect_dispenser":9},"minecraft:killed_by":{"minecraft:skeleton":1,"iceandfire:troll":1},"minecraft:used":{"create:framed_glass":31,"create:brass_block":1,"minecraft:stone_sword":14,"mcwlights:white_lamp":2,"minecraft:stone_pickaxe":57,"minecraft:dispenser":2,"minecraft:stone_shovel":28,"minecraft:chest":1,"minecraft:wooden_pickaxe":48,"minecraft:chainmail_helmet":1,"minecraft:cooked_chicken":4,"create:oak_window":2,"minecraft:cracked_stone_bricks":1,"minecraft:torch":6,"minecraft:glow_berries":20,"minecraft:dirt":23,"minecraft:sand":54,"create:cut_diorite_bricks":109,"minecraft:crafting_table":7,"minecraft:chainmail_chestplate":1,"mcwlights:covered_wall_lantern":6,"minecraft:oak_wood":1,"create:small_diorite_brick_stairs":8,"cfm:oak_table":2,"minecraft:lava_bucket":2,"mcwroofs:light_gray_concrete_roof":38,"minecraft:command_block":2,"create:cut_andesite_bricks":149,"minecraft:deepslate":83,"minecraft:stone_axe":26,"minecraft:bedrock":72,"minecraft:birch_button":4,"create:andesite_pillar":6,"cfm:stripped_jungle_chair":6,"minecraft:diamond_sword":6,"minecraft:cobblestone":15,"minecraft:chainmail_boots":1,"mcwlights:classic_street_lamp":1,"minecraft:egg":1,"minecraft:cooked_beef":7,"minecraft:oak_hanging_sign":1,"minecraft:chainmail_leggings":1},"minecraft:crafted":{"minecraft:cooked_beef":9,"minecraft:stone_shovel":1,"minecraft:crafting_table":5,"minecraft:cooked_chicken":4,"minecraft:wooden_pickaxe":2,"minecraft:dark_oak_button":1,"minecraft:birch_planks":12,"minecraft:stone_axe":1,"minecraft:air":0,"minecraft:stick":80,"minecraft:iron_pickaxe":1,"minecraft:iron_ingot":3,"minecraft:stone_pickaxe":1,"minecraft:stone_sword":1,"minecraft:dark_oak_planks":60},"minecraft:mined":{"iceandfire:graveyard_soil":2,"minecraft:dark_oak_log":4,"minecraft:crafting_table":5,"minecraft:cave_vines_plant":1,"minecraft:grass_block":10,"minecraft:chest":1,"minecraft:cobblestone":1,"minecraft:tall_grass":2,"cfm:stripped_jungle_chair":1,"minecraft:large_fern":1,"minecraft:tall_seagrass":1,"minecraft:birch_log":3,"minecraft:iron_ore":10,"minecraft:birch_leaves":1,"minecraft:wither_rose":1,"minecraft:grass":5,"minecraft:oak_log":16,"minecraft:coal_ore":23,"minecraft:dirt":26,"minecraft:cracked_stone_bricks":1,"minecraft:azalea":1,"minecraft:oak_hanging_sign":1,"minecraft:stone":70,"minecraft:fern":1},"minecraft:picked_up":{"minecraft:birch_log":3,"minecraft:crafting_table":5,"minecraft:feather":5,"minecraft:cooked_beef":579,"minecraft:dark_oak_button":1,"minecraft:chicken":4,"minecraft:leather":4,"minecraft:wooden_pickaxe":1,"minecraft:wither_rose":1,"minecraft:birch_button":2,"minecraft:oak_log":16,"minecraft:gunpowder":2,"minecraft:string":2,"minecraft:dirt":32,"minecraft:bone":2,"minecraft:cracked_stone_bricks":1,"mysticalagriculture:inferium_essence":5,"minecraft:stone_hoe":1,"minecraft:egg":2,"minecraft:lime_wool":1,"minecraft:raw_iron":10,"minecraft:red_wool":11,"minecraft:torch":2,"minecraft:porkchop":2,"minecraft:sand":19,"minecraft:dark_oak_log":15,"cfm:stripped_jungle_chair":1,"minecraft:dark_oak_planks":2,"minecraft:arrow":1,"minecraft:glow_berries":13,"minecraft:coal":22,"alexsmobs:flying_fish":3,"minecraft:cobblestone":80},"minecraft:dropped":{"minecraft:stone_hoe":1,"minecraft:birch_planks":3,"minecraft:cooked_beef":952,"minecraft:dark_oak_button":2,"minecraft:cooked_mutton":2,"minecraft:stick":5,"minecraft:dirt":9,"mysticalagriculture:inferium_essence":5,"alexsmobs:flying_fish":2,"minecraft:sand":1,"minecraft:arrow":1,"minecraft:wooden_pickaxe":2,"minecraft:dark_oak_planks":4,"minecraft:string":2,"minecraft:egg":1,"minecraft:bone":2},"minecraft:killed":{"minecraft:pig":1,"minecraft:spider":1,"minecraft:skeleton":1,"minecraft:chicken":4,"minecraft:player":1}},"DataVersion":3465}