{"stats":{"minecraft:custom":{"lootr:looted_stat":2,"minecraft:mob_kills":19,"minecraft:interact_with_crafting_table":21,"minecraft:leave_game":2,"minecraft:time_since_death":178,"minecraft:climb_one_cm":140,"minecraft:sprint_one_cm":275120,"minecraft:walk_one_cm":221609,"minecraft:damage_blocked_by_shield":270,"minecraft:drop":63,"minecraft:play_time":159445,"minecraft:deaths":11,"minecraft:sneak_time":5298,"minecraft:walk_under_water_one_cm":7292,"minecraft:boat_one_cm":873555,"minecraft:jump":2033,"minecraft:walk_on_water_one_cm":14873,"minecraft:total_world_time":159445,"minecraft:interact_with_furnace":29,"minecraft:sleep_in_bed":3,"minecraft:time_since_rest":201,"minecraft:damage_taken":4286,"minecraft:damage_dealt":5160,"minecraft:player_kills":1,"minecraft:swim_one_cm":29758,"minecraft:fly_one_cm":503997,"minecraft:open_chest":16,"minecraft:crouch_one_cm":12893,"minecraft:inspect_dispenser":9,"minecraft:fall_one_cm":44504},"minecraft:broken":{"minecraft:shield":1},"minecraft:killed_by":{"iceandfire:siren":1,"minecraft:skeleton":1,"iceandfire:troll":1,"iceandfire:fire_dragon":7},"minecraft:used":{"create:framed_glass":31,"minecraft:stone_sword":17,"minecraft:stone_shovel":42,"minecraft:dispenser":2,"minecraft:chest":2,"minecraft:shield":64,"create:oak_window":2,"minecraft:cooked_chicken":4,"minecraft:torch":6,"minecraft:dirt":23,"minecraft:chainmail_chestplate":1,"alexsmobs:cooked_kangaroo_meat":3,"mcwlights:covered_wall_lantern":6,"minecraft:oak_wood":1,"create:small_diorite_brick_stairs":8,"cfm:oak_table":2,"minecraft:lava_bucket":2,"mcwroofs:light_gray_concrete_roof":38,"minecraft:bedrock":72,"create:andesite_pillar":6,"minecraft:birch_button":4,"minecraft:dark_oak_boat":3,"minecraft:furnace":2,"minecraft:egg":1,"minecraft:cooked_beef":13,"create:brass_block":1,"mcwlights:white_lamp":2,"minecraft:stone_pickaxe":60,"minecraft:wooden_pickaxe":48,"minecraft:chainmail_helmet":1,"minecraft:cracked_stone_bricks":1,"minecraft:glow_berries":20,"minecraft:sand":54,"create:cut_diorite_bricks":109,"minecraft:crafting_table":13,"minecraft:white_bed":1,"minecraft:command_block":2,"create:cut_andesite_bricks":149,"minecraft:deepslate":83,"minecraft:stone_axe":70,"minecraft:diamond_sword":6,"cfm:stripped_jungle_chair":6,"minecraft:cobblestone":30,"minecraft:chainmail_boots":1,"mcwlights:classic_street_lamp":1,"minecraft:oak_boat":1,"minecraft:oak_hanging_sign":1,"minecraft:chainmail_leggings":1},"minecraft:crafted":{"minecraft:oak_planks":36,"minecraft:stone_shovel":1,"minecraft:dark_oak_boat":2,"minecraft:cooked_chicken":4,"minecraft:furnace":2,"minecraft:stone_pickaxe":1,"minecraft:chest":1,"minecraft:dark_oak_planks":84,"minecraft:cooked_beef":9,"minecraft:crafting_table":8,"minecraft:wooden_pickaxe":2,"alexsmobs:cooked_kangaroo_meat":8,"minecraft:dark_oak_button":1,"minecraft:birch_planks":12,"minecraft:stone_axe":6,"minecraft:air":0,"minecraft:oak_boat":2,"minecraft:shield":1,"minecraft:stick":88,"minecraft:iron_ingot":5,"minecraft:iron_pickaxe":1,"minecraft:stone_sword":1,"minecraft:white_bed":1,"minecraft:acacia_planks":4},"minecraft:mined":{"iceandfire:graveyard_soil":2,"minecraft:dark_oak_log":10,"minecraft:cave_vines_plant":1,"minecraft:acacia_log":1,"minecraft:grass_block":14,"cfm:stripped_jungle_chair":1,"minecraft:large_fern":1,"minecraft:tall_seagrass":1,"minecraft:iron_ore":12,"minecraft:stone":70,"minecraft:azalea":1,"minecraft:oak_hanging_sign":1,"minecraft:crafting_table":5,"minecraft:chest":1,"minecraft:tall_grass":2,"minecraft:cobblestone":2,"minecraft:birch_log":3,"minecraft:birch_leaves":1,"minecraft:wither_rose":1,"minecraft:grass":8,"minecraft:coal_ore":23,"minecraft:oak_log":19,"minecraft:dirt":44,"minecraft:cracked_stone_bricks":1,"minecraft:fern":1},"minecraft:picked_up":{"minecraft:crafting_table":5,"minecraft:chicken":4,"minecraft:lead":2,"minecraft:wooden_pickaxe":1,"minecraft:wither_rose":1,"minecraft:birch_button":2,"minecraft:string":3,"minecraft:cracked_stone_bricks":1,"mysticalagriculture:inferium_essence":6,"minecraft:gold_nugget":44,"minecraft:egg":2,"minecraft:lime_wool":1,"minecraft:stick":4,"minecraft:raw_iron":12,"minecraft:torch":2,"minecraft:acacia_log":1,"minecraft:porkchop":2,"minecraft:dark_oak_planks":2,"minecraft:arrow":1,"minecraft:glow_berries":13,"minecraft:mutton":5,"alexsmobs:flying_fish":3,"alexsmobs:kangaroo_meat":8,"minecraft:white_wool":3,"minecraft:cobblestone":81,"minecraft:birch_log":3,"minecraft:dark_oak_button":1,"minecraft:feather":5,"minecraft:cooked_beef":579,"minecraft:leather":4,"minecraft:dark_oak_boat":3,"minecraft:oak_log":19,"minecraft:gunpowder":2,"minecraft:dirt":54,"minecraft:bone":2,"minecraft:kelp":6,"minecraft:oak_planks":1,"minecraft:stone_hoe":1,"iceandfire:ash":1,"minecraft:red_wool":11,"minecraft:sand":19,"minecraft:dark_oak_log":21,"cfm:stripped_jungle_chair":1,"alexsmobs:kangaroo_hide":3,"minecraft:black_wool":1,"minecraft:coal":22},"minecraft:dropped":{"minecraft:stone_hoe":1,"minecraft:birch_planks":3,"minecraft:cooked_beef":952,"minecraft:lead":2,"minecraft:dark_oak_button":2,"minecraft:stick":13,"minecraft:dirt":9,"alexsmobs:flying_fish":2,"minecraft:wither_rose":1,"minecraft:sand":1,"minecraft:string":3,"minecraft:dark_oak_planks":5,"minecraft:dark_oak_boat":1,"minecraft:bone":2,"minecraft:kelp":6,"minecraft:oak_planks":5,"minecraft:cooked_mutton":2,"mysticalagriculture:inferium_essence":6,"minecraft:oak_boat":1,"minecraft:arrow":1,"minecraft:wooden_pickaxe":2,"minecraft:black_wool":1,"minecraft:egg":1},"minecraft:killed":{"minecraft:spider":2,"minecraft:skeleton":1,"minecraft:chicken":4,"alexsmobs:kangaroo":6,"minecraft:pig":1,"minecraft:sheep":4,"alexsmobs:gazelle":1,"minecraft:player":1}},"DataVersion":3465}