{"stats":{"minecraft:custom":{"minecraft:interact_with_smithing_table":2,"lootr:looted_stat":7,"minecraft:mob_kills":42,"minecraft:interact_with_crafting_table":32,"minecraft:leave_game":2,"minecraft:time_since_death":17544,"minecraft:climb_one_cm":19872,"minecraft:sprint_one_cm":446636,"minecraft:walk_one_cm":312258,"minecraft:damage_blocked_by_shield":1995,"minecraft:drop":113,"minecraft:damage_dealt_absorbed":120,"minecraft:play_time":225445,"minecraft:deaths":38,"minecraft:sneak_time":11382,"minecraft:walk_under_water_one_cm":11210,"minecraft:boat_one_cm":873555,"minecraft:jump":3521,"minecraft:walk_on_water_one_cm":28880,"minecraft:total_world_time":225445,"minecraft:interact_with_furnace":46,"minecraft:sleep_in_bed":4,"minecraft:time_since_rest":17568,"minecraft:damage_taken":15599,"minecraft:damage_dealt":10351,"minecraft:player_kills":1,"minecraft:swim_one_cm":65867,"minecraft:fly_one_cm":798130,"minecraft:open_chest":20,"minecraft:crouch_one_cm":26172,"minecraft:inspect_dispenser":9,"minecraft:fall_one_cm":169227},"minecraft:broken":{"minecraft:stone_pickaxe":1,"minecraft:shield":1},"minecraft:killed_by":{"iceandfire:siren":1,"minecraft:skeleton":1,"minecraft:zombie":1,"iceandfire:troll":1,"iceandfire:fire_dragon":19},"minecraft:used":{"create:framed_glass":31,"minecraft:stone_sword":17,"minecraft:stone_shovel":57,"minecraft:dispenser":2,"minecraft:chest":2,"minecraft:shield":116,"create:oak_window":2,"minecraft:cooked_chicken":4,"minecraft:rotten_flesh":2,"minecraft:torch":19,"minecraft:dirt":46,"minecraft:chainmail_chestplate":1,"alexsmobs:cooked_kangaroo_meat":3,"mcwlights:covered_wall_lantern":6,"minecraft:oak_wood":1,"create:small_diorite_brick_stairs":8,"cfm:oak_table":2,"minecraft:lava_bucket":2,"mcwroofs:light_gray_concrete_roof":38,"minecraft:iron_boots":1,"minecraft:bedrock":72,"minecraft:golden_sword":13,"create:andesite_pillar":6,"minecraft:birch_button":4,"minecraft:dark_oak_boat":3,"minecraft:furnace":5,"minecraft:egg":1,"minecraft:cooked_beef":17,"minecraft:cobbled_deepslate":17,"minecraft:cooked_mutton":5,"minecraft:water_bucket":4,"minecraft:diorite":6,"create:brass_block":1,"mcwlights:white_lamp":2,"minecraft:stone_pickaxe":131,"minecraft:wooden_pickaxe":48,"minecraft:chainmail_helmet":1,"minecraft:cracked_stone_bricks":1,"minecraft:glow_berries":20,"minecraft:sand":54,"create:cut_diorite_bricks":109,"minecraft:crafting_table":18,"minecraft:white_bed":2,"minecraft:command_block":2,"minecraft:iron_pickaxe":141,"create:cut_andesite_bricks":149,"minecraft:deepslate":83,"minecraft:stone_axe":141,"minecraft:diamond_sword":6,"cfm:stripped_jungle_chair":6,"minecraft:cobblestone":91,"minecraft:chainmail_boots":1,"mcwlights:classic_street_lamp":1,"minecraft:andesite":1,"minecraft:bucket":5,"minecraft:oak_boat":1,"minecraft:oak_hanging_sign":1,"minecraft:chainmail_leggings":1},"minecraft:crafted":{"minecraft:oak_planks":56,"minecraft:raw_iron":9,"minecraft:stone_shovel":1,"minecraft:dark_oak_boat":2,"minecraft:cooked_chicken":4,"minecraft:furnace":2,"minecraft:cooked_mutton":5,"minecraft:stone_pickaxe":1,"minecraft:chest":1,"minecraft:dark_oak_planks":84,"minecraft:cooked_beef":15,"iceandfire:armor_gray_boots":1,"minecraft:crafting_table":9,"minecraft:wooden_pickaxe":2,"alexsmobs:cooked_kangaroo_meat":8,"minecraft:bucket":1,"minecraft:dark_oak_button":1,"minecraft:birch_planks":12,"minecraft:stone_axe":8,"iceandfire:armor_gray_chestplate":1,"minecraft:air":0,"minecraft:oak_boat":2,"minecraft:shield":2,"minecraft:stick":92,"minecraft:iron_ingot":14,"minecraft:iron_pickaxe":1,"minecraft:stone_sword":1,"minecraft:iron_leggings":1,"minecraft:gold_ingot":29,"minecraft:white_bed":1,"minecraft:acacia_planks":4,"minecraft:torch":12},"minecraft:mined":{"mysticalagriculture:prosperity_ore":1,"create:deepslate_zinc_ore":1,"minecraft:tuff":4,"minecraft:white_bed":1,"iceandfire:graveyard_soil":2,"minecraft:deepslate_diamond_ore":1,"minecraft:dark_oak_log":10,"minecraft:cave_vines_plant":1,"minecraft:acacia_log":1,"minecraft:grass_block":27,"botania:orange_mushroom":1,"cfm:stripped_jungle_chair":1,"minecraft:spawner":1,"minecraft:large_fern":1,"minecraft:tall_seagrass":1,"minecraft:raw_iron_block":1,"minecraft:furnace":5,"minecraft:cobbled_deepslate":2,"minecraft:iron_ore":17,"minecraft:fire":10,"minecraft:andesite":1,"minecraft:deepslate_lapis_ore":6,"minecraft:deepslate_iron_ore":34,"iceandfire:gold_pile":26,"botania:yellow_mushroom":1,"minecraft:stone":142,"minecraft:azalea":1,"minecraft:oak_hanging_sign":1,"minecraft:crafting_table":10,"minecraft:torch":2,"minecraft:chest":1,"minecraft:tall_grass":2,"minecraft:cobblestone":5,"minecraft:wall_torch":2,"minecraft:diorite":13,"minecraft:birch_log":3,"minecraft:birch_leaves":1,"minecraft:wither_rose":1,"minecraft:grass":12,"minecraft:coal_ore":32,"minecraft:oak_log":19,"minecraft:dirt":58,"mysticalagriculture:deepslate_prosperity_ore":1,"minecraft:cracked_stone_bricks":1,"minecraft:deepslate":19,"minecraft:fern":1},"minecraft:picked_up":{"minecraft:crafting_table":10,"minecraft:chicken":4,"minecraft:lead":2,"minecraft:wooden_pickaxe":1,"minecraft:wither_rose":1,"minecraft:birch_button":2,"minecraft:string":10,"minecraft:cracked_stone_bricks":1,"mysticalagriculture:inferium_essence":12,"minecraft:gold_nugget":306,"minecraft:cobbled_deepslate":22,"herbalbrews:rooibos_leaf":1,"minecraft:beef":8,"minecraft:furnace":5,"iceandfire:dragonscales_gray":12,"minecraft:egg":4,"iceandfire:dragonbone":8,"minecraft:lime_wool":1,"minecraft:stick":5,"minecraft:raw_iron":51,"mysticalagriculture:prosperity_shard":1,"minecraft:torch":6,"minecraft:acacia_log":1,"minecraft:porkchop":2,"minecraft:diorite":16,"minecraft:dark_oak_planks":2,"minecraft:arrow":2,"minecraft:rotten_flesh":8,"iceandfire:fire_dragon_heart":1,"sophisticatedbackpacks:copper_backpack":1,"minecraft:glow_berries":13,"minecraft:mutton":5,"alexsmobs:flying_fish":3,"alexsmobs:kangaroo_meat":8,"minecraft:white_wool":3,"minecraft:cobblestone":156,"minecraft:birch_log":3,"minecraft:dark_oak_button":1,"minecraft:feather":5,"minecraft:cooked_beef":581,"minecraft:andesite":1,"minecraft:leather":8,"minecraft:dark_oak_boat":3,"alexsmobs:acacia_blossom":4,"minecraft:tuff":4,"create:raw_zinc":1,"minecraft:oak_log":19,"minecraft:gunpowder":2,"minecraft:lapis_lazuli":44,"minecraft:dirt":85,"botania:yellow_mushroom":1,"minecraft:bone":4,"minecraft:kelp":6,"minecraft:wheat_seeds":12,"iceandfire:fire_dragon_flesh":5,"minecraft:oak_planks":3,"minecraft:stone_hoe":1,"minecraft:acacia_sapling":8,"iceandfire:ash":1,"minecraft:red_wool":11,"minecraft:raw_iron_block":1,"iceandfire:dragon_skull_fire":2,"minecraft:sand":19,"minecraft:spider_eye":3,"minecraft:white_bed":1,"minecraft:dark_oak_log":21,"cfm:stripped_jungle_chair":1,"alexsmobs:kangaroo_hide":3,"minecraft:diamond":1,"botania:orange_mushroom":1,"minecraft:black_wool":1,"minecraft:coal":33},"minecraft:dropped":{"minecraft:stone_hoe":1,"minecraft:birch_planks":3,"minecraft:wheat_seeds":11,"minecraft:cooked_beef":952,"botania:orange_mushroom":1,"minecraft:lead":2,"minecraft:dark_oak_button":2,"minecraft:stick":14,"minecraft:dirt":17,"minecraft:diorite":10,"alexsmobs:flying_fish":2,"mysticalagriculture:prosperity_shard":1,"minecraft:gold_nugget":4,"minecraft:wither_rose":1,"minecraft:sand":1,"minecraft:string":7,"minecraft:dark_oak_planks":5,"minecraft:dark_oak_boat":1,"create:raw_zinc":1,"iceandfire:dragon_skull_fire":2,"minecraft:bone":3,"minecraft:kelp":6,"alexsmobs:acacia_blossom":4,"minecraft:cobbled_deepslate":2,"minecraft:rotten_flesh":6,"minecraft:oak_planks":6,"minecraft:cooked_mutton":2,"botania:yellow_mushroom":1,"mysticalagriculture:inferium_essence":9,"minecraft:acacia_sapling":7,"minecraft:oak_boat":1,"minecraft:spider_eye":3,"minecraft:arrow":1,"minecraft:wooden_pickaxe":2,"minecraft:black_wool":1,"minecraft:egg":3},"minecraft:killed":{"minecraft:spider":6,"alexsmobs:rattlesnake":1,"minecraft:skeleton":5,"iceandfire:fire_dragon":1,"minecraft:chicken":4,"alexsmobs:kangaroo":6,"minecraft:pig":1,"minecraft:creeper":1,"minecraft:sheep":4,"minecraft:zombie":7,"alexsmobs:gazelle":1,"minecraft:player":1,"minecraft:cow":4}},"DataVersion":3465}