{"stats":{"minecraft:custom":{"minecraft:mob_kills":29,"minecraft:interact_with_crafting_table":14,"minecraft:leave_game":6,"minecraft:time_since_death":10119,"minecraft:sprint_one_cm":251450,"minecraft:walk_one_cm":162580,"minecraft:damage_blocked_by_shield":560,"minecraft:drop":67,"minecraft:play_time":122287,"minecraft:deaths":4,"minecraft:sneak_time":1160,"minecraft:walk_under_water_one_cm":16374,"minecraft:boat_one_cm":1423391,"minecraft:jump":1778,"minecraft:walk_on_water_one_cm":34020,"minecraft:total_world_time":122287,"minecraft:interact_with_furnace":32,"minecraft:time_since_rest":10187,"minecraft:damage_taken":3359,"minecraft:damage_dealt":5297,"minecraft:swim_one_cm":38254,"minecraft:fly_one_cm":338266,"minecraft:crouch_one_cm":3973,"minecraft:fall_one_cm":40802,"minecraft:inspect_dispenser":2},"minecraft:broken":{"minecraft:stone_pickaxe":1,"minecraft:wooden_axe":1},"minecraft:killed_by":{"minecraft:creeper":1,"iceandfire:siren":2,"iceandfire:sea_serpent":1},"minecraft:used":{"minecraft:azalea":1,"minecraft:moss_block":3,"minecraft:moss_carpet":2,"minecraft:shield":13,"botania:black_mystical_flower":1,"minecraft:carrot":2,"minecraft:granite":1,"minecraft:axolotl_bucket":1,"minecraft:wooden_axe":31,"minecraft:flowering_azalea":1,"botania:blue_mystical_flower":1,"minecraft:red_wool":1,"botania:cyan_mystical_flower":1,"minecraft:bow":2,"minecraft:furnace":7,"minecraft:oak_sapling":1,"minecraft:egg":1,"minecraft:cooked_beef":17,"minecraft:pumpkin":1,"minecraft:cooked_mutton":4,"minecraft:water_bucket":14,"botania:gray_mystical_flower":1,"minecraft:stone_pickaxe":135,"minecraft:oak_planks":1,"minecraft:wooden_pickaxe":12,"minecraft:sand":1,"minecraft:crafting_table":8,"minecraft:oak_button":1,"minecraft:iron_pickaxe":62,"minecraft:stone_axe":35,"minecraft:cobblestone":9,"minecraft:cooked_porkchop":9,"minecraft:bucket":16,"alexsmobs:animal_dictionary":1,"minecraft:oak_boat":3,"minecraft:oak_hanging_sign":1},"minecraft:crafted":{"minecraft:oak_planks":72,"minecraft:furnace":3,"minecraft:cooked_mutton":6,"minecraft:stone_pickaxe":1,"minecraft:oak_button":1,"alexsmobs:flying_fish_boots":1,"minecraft:cooked_beef":9,"minecraft:cooked_porkchop":10,"minecraft:crafting_table":4,"minecraft:wooden_pickaxe":1,"minecraft:bucket":1,"minecraft:stone_axe":1,"minecraft:air":0,"minecraft:oak_boat":3,"minecraft:stick":16,"minecraft:iron_ingot":12,"minecraft:iron_pickaxe":1,"minecraft:wooden_axe":2},"minecraft:mined":{"iceandfire:silver_ore":15,"minecraft:granite":1,"minecraft:moss_block":3,"mysticalagriculture:inferium_ore":11,"minecraft:furnace":4,"minecraft:iron_ore":2,"minecraft:fire":1,"minecraft:moss_carpet":2,"minecraft:pumpkin":1,"minecraft:azalea":1,"minecraft:stone":110,"minecraft:red_wool":1,"minecraft:clay":1,"minecraft:crafting_table":6,"minecraft:tall_grass":13,"minecraft:cobblestone":1,"botania:blue_mystical_flower":1,"minecraft:sugar_cane":8,"minecraft:oak_planks":1,"botania:black_mystical_flower":1,"botania:cyan_mystical_flower":1,"minecraft:grass":31,"minecraft:oak_log":18,"minecraft:coal_ore":56,"minecraft:sand":1,"botania:gray_mystical_flower":1,"minecraft:red_mushroom_block":1,"minecraft:oak_leaves":3},"minecraft:picked_up":{"minecraft:crafting_table":6,"minecraft:clay_ball":4,"minecraft:lead":6,"minecraft:wooden_pickaxe":1,"minecraft:shield":1,"minecraft:string":3,"minecraft:moss_carpet":5,"minecraft:oak_hanging_sign":1,"mysticalagriculture:inferium_essence":49,"minecraft:beef":8,"minecraft:azalea":2,"minecraft:sugar_cane":14,"minecraft:egg":1,"minecraft:furnace":4,"minecraft:raw_iron":2,"minecraft:big_dripleaf":7,"minecraft:porkchop":10,"minecraft:carrot":1,"minecraft:arrow":5,"minecraft:rotten_flesh":5,"botania:blue_mystical_flower":1,"alexsmobs:flying_fish":4,"minecraft:cobblestone":115,"minecraft:cooked_beef":10,"iceandfire:sea_serpent_fang":7,"minecraft:leather":6,"minecraft:red_mushroom":1,"minecraft:oak_log":18,"botania:black_mystical_flower":1,"minecraft:bone":3,"botania:cyan_mystical_flower":1,"minecraft:kelp":12,"minecraft:bow":1,"minecraft:wheat_seeds":4,"minecraft:moss_block":3,"minecraft:flowering_azalea":1,"minecraft:oak_planks":1,"botania:gray_mystical_flower":1,"minecraft:pumpkin":1,"minecraft:red_wool":4,"iceandfire:shiny_scales":2,"minecraft:sand":2,"minecraft:dark_oak_log":3,"alexsmobs:animal_dictionary":1,"minecraft:granite":1,"iceandfire:sea_serpent_scales_red":13,"minecraft:oak_sapling":1,"minecraft:coal":75,"iceandfire:raw_silver":15},"minecraft:dropped":{"minecraft:iron_ingot":3,"iceandfire:raw_silver":15,"minecraft:wheat_seeds":4,"minecraft:cooked_beef":6,"minecraft:cooked_porkchop":2,"minecraft:lead":1,"minecraft:red_wool":1,"minecraft:coal":2,"minecraft:red_mushroom":1,"minecraft:dark_oak_log":3,"minecraft:wooden_axe":1,"minecraft:sand":1,"minecraft:bone":3,"minecraft:moss_carpet":3,"minecraft:kelp":12,"alexsmobs:animal_dictionary":2,"minecraft:rotten_flesh":5,"minecraft:clay_ball":4,"minecraft:oak_planks":1,"minecraft:cooked_mutton":2,"iceandfire:shiny_scales":2,"minecraft:big_dripleaf":7,"mysticalagriculture:inferium_essence":49,"minecraft:azalea":1,"minecraft:arrow":3,"minecraft:bow":1,"minecraft:wooden_pickaxe":2},"minecraft:killed":{"minecraft:spider":2,"minecraft:skeleton":4,"iceandfire:hippocampus":1,"minecraft:pig":4,"alexsmobs:flutter":1,"minecraft:zombie":11,"iceandfire:sea_serpent":1,"minecraft:cow":4}},"DataVersion":3465}