{"stats":{"minecraft:custom":{"minecraft:interact_with_furnace":8,"minecraft:mob_kills":19,"minecraft:interact_with_crafting_table":6,"minecraft:leave_game":5,"minecraft:time_since_death":41440,"minecraft:time_since_rest":41440,"minecraft:sprint_one_cm":128095,"minecraft:damage_taken":858,"minecraft:walk_one_cm":83611,"minecraft:damage_blocked_by_shield":125,"minecraft:drop":31,"minecraft:damage_dealt":3104,"minecraft:swim_one_cm":8798,"minecraft:fly_one_cm":134699,"minecraft:crouch_one_cm":3217,"minecraft:play_time":41440,"minecraft:sneak_time":769,"minecraft:walk_under_water_one_cm":1185,"minecraft:jump":826,"minecraft:walk_on_water_one_cm":3496,"minecraft:total_world_time":41440,"minecraft:inspect_dispenser":2,"minecraft:fall_one_cm":16238},"minecraft:broken":{"minecraft:wooden_axe":1},"minecraft:used":{"minecraft:azalea":1,"minecraft:moss_block":3,"minecraft:moss_carpet":2,"minecraft:water_bucket":8,"minecraft:stone_pickaxe":94,"minecraft:shield":2,"minecraft:wooden_pickaxe":12,"minecraft:sand":1,"minecraft:crafting_table":2,"minecraft:granite":1,"minecraft:axolotl_bucket":1,"minecraft:wooden_axe":30,"minecraft:flowering_azalea":1,"minecraft:red_wool":1,"minecraft:oak_button":1,"minecraft:bow":2,"minecraft:furnace":1,"minecraft:bucket":10,"alexsmobs:animal_dictionary":1,"minecraft:cooked_beef":11,"minecraft:oak_hanging_sign":1},"minecraft:crafted":{"minecraft:cooked_beef":1,"minecraft:oak_planks":20,"minecraft:crafting_table":1,"minecraft:wooden_pickaxe":1,"minecraft:furnace":1,"minecraft:bucket":1,"minecraft:stick":12,"minecraft:iron_ingot":6,"minecraft:stone_pickaxe":1,"minecraft:wooden_axe":1,"minecraft:oak_button":1},"minecraft:mined":{"iceandfire:silver_ore":7,"minecraft:red_wool":1,"minecraft:crafting_table":1,"minecraft:granite":1,"minecraft:tall_grass":2,"minecraft:moss_block":3,"mysticalagriculture:inferium_ore":11,"minecraft:iron_ore":2,"minecraft:moss_carpet":2,"minecraft:grass":9,"minecraft:oak_log":5,"minecraft:coal_ore":54,"minecraft:sand":1,"minecraft:azalea":1,"minecraft:red_mushroom_block":1,"minecraft:stone":24},"minecraft:picked_up":{"minecraft:crafting_table":1,"minecraft:cooked_beef":8,"minecraft:leather":4,"minecraft:wooden_pickaxe":1,"minecraft:red_mushroom":1,"minecraft:oak_log":5,"minecraft:shield":1,"minecraft:moss_carpet":2,"minecraft:oak_hanging_sign":1,"minecraft:bone":3,"minecraft:bow":1,"minecraft:wheat_seeds":1,"mysticalagriculture:inferium_essence":48,"minecraft:beef":7,"minecraft:azalea":2,"minecraft:moss_block":3,"minecraft:flowering_azalea":1,"minecraft:raw_iron":2,"minecraft:red_wool":4,"minecraft:sand":2,"minecraft:carrot":1,"minecraft:dark_oak_log":3,"minecraft:arrow":5,"minecraft:rotten_flesh":4,"minecraft:granite":1,"iceandfire:raw_silver":7,"minecraft:coal":53,"alexsmobs:flying_fish":4,"minecraft:cobblestone":25},"minecraft:dropped":{"minecraft:iron_ingot":3,"minecraft:wheat_seeds":1,"minecraft:cooked_beef":2,"minecraft:rotten_flesh":4,"minecraft:oak_planks":1,"minecraft:red_wool":1,"minecraft:red_mushroom":1,"minecraft:dark_oak_log":3,"mysticalagriculture:inferium_essence":48,"minecraft:sand":1,"minecraft:arrow":3,"minecraft:bow":1,"minecraft:wooden_pickaxe":2,"minecraft:bone":3},"minecraft:killed":{"minecraft:skeleton":4,"alexsmobs:flutter":1,"minecraft:zombie":10,"minecraft:cow":3}},"DataVersion":3465}