{"stats":{"minecraft:custom":{"minecraft:interact_with_furnace":23,"minecraft:mob_kills":24,"minecraft:interact_with_crafting_table":14,"minecraft:leave_game":5,"minecraft:time_since_death":1272,"minecraft:time_since_rest":1340,"minecraft:sprint_one_cm":231613,"minecraft:damage_taken":3069,"minecraft:walk_one_cm":151544,"minecraft:damage_blocked_by_shield":560,"minecraft:drop":65,"minecraft:damage_dealt":4797,"minecraft:swim_one_cm":35133,"minecraft:fly_one_cm":296259,"minecraft:crouch_one_cm":3973,"minecraft:play_time":113440,"minecraft:deaths":4,"minecraft:sneak_time":1160,"minecraft:walk_under_water_one_cm":16283,"minecraft:boat_one_cm":1261436,"minecraft:jump":1586,"minecraft:walk_on_water_one_cm":33236,"minecraft:total_world_time":113440,"minecraft:inspect_dispenser":2,"minecraft:fall_one_cm":38441},"minecraft:killed_by":{"minecraft:creeper":1,"iceandfire:siren":2,"iceandfire:sea_serpent":1},"minecraft:used":{"minecraft:azalea":1,"minecraft:moss_block":3,"minecraft:cooked_mutton":4,"minecraft:moss_carpet":2,"minecraft:water_bucket":13,"botania:gray_mystical_flower":1,"minecraft:stone_pickaxe":135,"minecraft:oak_planks":1,"minecraft:shield":13,"minecraft:wooden_pickaxe":12,"minecraft:sand":1,"minecraft:crafting_table":8,"minecraft:carrot":2,"minecraft:granite":1,"minecraft:axolotl_bucket":1,"minecraft:wooden_axe":31,"minecraft:flowering_azalea":1,"botania:blue_mystical_flower":1,"minecraft:red_wool":1,"minecraft:oak_button":1,"minecraft:iron_pickaxe":62,"botania:cyan_mystical_flower":1,"minecraft:stone_axe":30,"minecraft:cobblestone":9,"minecraft:bow":2,"minecraft:oak_sapling":1,"minecraft:furnace":5,"minecraft:cooked_porkchop":7,"minecraft:bucket":15,"minecraft:oak_boat":3,"alexsmobs:animal_dictionary":1,"minecraft:egg":1,"minecraft:cooked_beef":16,"minecraft:oak_hanging_sign":1,"minecraft:pumpkin":1},"minecraft:broken":{"minecraft:stone_pickaxe":1,"minecraft:wooden_axe":1},"minecraft:crafted":{"minecraft:cooked_beef":8,"minecraft:oak_planks":72,"minecraft:cooked_porkchop":8,"minecraft:crafting_table":4,"minecraft:wooden_pickaxe":1,"minecraft:furnace":3,"minecraft:bucket":1,"minecraft:stone_axe":1,"minecraft:cooked_mutton":6,"minecraft:air":0,"minecraft:oak_boat":3,"minecraft:stick":16,"minecraft:iron_ingot":12,"minecraft:iron_pickaxe":1,"minecraft:stone_pickaxe":1,"minecraft:wooden_axe":2,"minecraft:oak_button":1,"alexsmobs:flying_fish_boots":1},"minecraft:mined":{"iceandfire:silver_ore":15,"minecraft:red_wool":1,"minecraft:clay":1,"minecraft:crafting_table":6,"minecraft:granite":1,"minecraft:cobblestone":1,"minecraft:tall_grass":13,"botania:blue_mystical_flower":1,"minecraft:sugar_cane":2,"minecraft:oak_planks":1,"minecraft:moss_block":3,"mysticalagriculture:inferium_ore":11,"botania:cyan_mystical_flower":1,"minecraft:furnace":4,"minecraft:iron_ore":2,"minecraft:pumpkin":1,"minecraft:moss_carpet":2,"minecraft:grass":31,"minecraft:oak_log":18,"minecraft:coal_ore":56,"minecraft:sand":1,"botania:gray_mystical_flower":1,"minecraft:azalea":1,"minecraft:red_mushroom_block":1,"minecraft:stone":110,"minecraft:oak_leaves":2},"minecraft:picked_up":{"minecraft:crafting_table":6,"minecraft:cooked_beef":10,"iceandfire:sea_serpent_fang":7,"minecraft:clay_ball":4,"minecraft:leather":4,"minecraft:lead":4,"minecraft:wooden_pickaxe":1,"minecraft:red_mushroom":1,"minecraft:oak_log":18,"minecraft:shield":1,"minecraft:string":3,"minecraft:moss_carpet":5,"minecraft:oak_hanging_sign":1,"minecraft:bone":3,"botania:cyan_mystical_flower":1,"minecraft:kelp":12,"minecraft:bow":1,"minecraft:wheat_seeds":4,"mysticalagriculture:inferium_essence":49,"minecraft:beef":7,"botania:gray_mystical_flower":1,"minecraft:azalea":2,"minecraft:sugar_cane":4,"minecraft:moss_block":3,"minecraft:oak_planks":1,"minecraft:flowering_azalea":1,"minecraft:egg":1,"minecraft:furnace":4,"minecraft:raw_iron":2,"minecraft:pumpkin":1,"minecraft:big_dripleaf":7,"minecraft:red_wool":4,"iceandfire:shiny_scales":2,"minecraft:sand":2,"minecraft:carrot":1,"minecraft:dark_oak_log":3,"alexsmobs:animal_dictionary":1,"minecraft:arrow":5,"minecraft:rotten_flesh":5,"botania:blue_mystical_flower":1,"iceandfire:sea_serpent_scales_red":13,"minecraft:granite":1,"minecraft:oak_sapling":1,"iceandfire:raw_silver":15,"minecraft:coal":75,"alexsmobs:flying_fish":4,"minecraft:cobblestone":115},"minecraft:dropped":{"minecraft:iron_ingot":3,"iceandfire:raw_silver":15,"minecraft:moss_carpet":3,"minecraft:kelp":12,"minecraft:wheat_seeds":4,"minecraft:cooked_beef":6,"alexsmobs:animal_dictionary":1,"minecraft:cooked_porkchop":2,"minecraft:rotten_flesh":5,"minecraft:clay_ball":4,"minecraft:oak_planks":1,"minecraft:red_wool":1,"minecraft:cooked_mutton":2,"iceandfire:shiny_scales":2,"minecraft:coal":2,"minecraft:red_mushroom":1,"minecraft:big_dripleaf":7,"minecraft:dark_oak_log":3,"minecraft:wooden_axe":1,"mysticalagriculture:inferium_essence":49,"minecraft:azalea":1,"minecraft:sand":1,"minecraft:arrow":3,"minecraft:bow":1,"minecraft:wooden_pickaxe":2,"minecraft:bone":3},"minecraft:killed":{"iceandfire:hippocampus":1,"minecraft:spider":2,"minecraft:skeleton":4,"alexsmobs:flutter":1,"minecraft:zombie":11,"iceandfire:sea_serpent":1,"minecraft:cow":3}},"DataVersion":3465}