{"stats":{"minecraft:custom":{"lootr:looted_stat":7,"minecraft:mob_kills":103,"minecraft:interact_with_crafting_table":19,"minecraft:eat_cake_slice":4,"minecraft:leave_game":6,"minecraft:time_since_death":39712,"minecraft:climb_one_cm":203,"minecraft:sprint_one_cm":353060,"minecraft:walk_one_cm":254946,"minecraft:damage_blocked_by_shield":2320,"minecraft:drop":105,"minecraft:play_noteblock":1,"minecraft:play_time":176287,"minecraft:deaths":6,"minecraft:sneak_time":2490,"minecraft:walk_under_water_one_cm":30535,"minecraft:boat_one_cm":1628178,"minecraft:interact_with_lectern":1,"minecraft:jump":2741,"minecraft:walk_on_water_one_cm":43252,"minecraft:total_world_time":176287,"minecraft:interact_with_furnace":36,"minecraft:interact_with_loom":1,"minecraft:time_since_rest":39763,"minecraft:damage_taken":5509,"minecraft:damage_dealt":21607,"minecraft:swim_one_cm":91768,"minecraft:fly_one_cm":515125,"minecraft:crouch_one_cm":5097,"minecraft:fall_one_cm":62581,"minecraft:inspect_dispenser":2},"minecraft:broken":{"minecraft:stone_pickaxe":1,"minecraft:wooden_axe":1},"minecraft:killed_by":{"minecraft:husk":1,"minecraft:creeper":1,"iceandfire:siren":2,"iceandfire:sea_serpent":1},"minecraft:used":{"minecraft:azalea":1,"minecraft:moss_block":3,"minecraft:moss_carpet":2,"minecraft:shield":30,"minecraft:iron_sword":223,"botania:black_mystical_flower":1,"minecraft:carrot":2,"minecraft:granite":1,"minecraft:axolotl_bucket":1,"minecraft:wooden_axe":31,"minecraft:flowering_azalea":1,"botania:blue_mystical_flower":1,"minecraft:red_wool":1,"botania:cyan_mystical_flower":1,"minecraft:bow":2,"minecraft:furnace":7,"minecraft:oak_sapling":1,"minecraft:egg":1,"minecraft:cooked_beef":17,"minecraft:pumpkin":1,"minecraft:calcite":2,"minecraft:cooked_mutton":4,"minecraft:water_bucket":19,"botania:gray_mystical_flower":1,"minecraft:stone_pickaxe":135,"minecraft:oak_planks":1,"minecraft:wooden_pickaxe":12,"minecraft:sand":1,"minecraft:crafting_table":11,"minecraft:cake":1,"alexsmobs:flying_fish":1,"minecraft:apple":6,"minecraft:bread":8,"minecraft:oak_button":1,"minecraft:iron_pickaxe":73,"minecraft:spruce_trapdoor":1,"minecraft:stone_axe":67,"minecraft:cobblestone":13,"minecraft:cooked_porkchop":17,"minecraft:bucket":21,"minecraft:pumpkin_pie":10,"alexsmobs:animal_dictionary":1,"minecraft:oak_boat":4,"minecraft:oak_hanging_sign":1},"minecraft:crafted":{"minecraft:oak_planks":72,"minecraft:furnace":3,"iceandfire:tide_green_chestplate":1,"minecraft:cooked_mutton":6,"iceandfire:tide_green_leggings":1,"minecraft:stone_pickaxe":1,"minecraft:oak_button":1,"alexsmobs:flying_fish_boots":1,"minecraft:cooked_beef":9,"minecraft:cooked_porkchop":10,"minecraft:crafting_table":4,"iceandfire:tide_red_chestplate":1,"iceandfire:tide_teal_boots":1,"minecraft:wooden_pickaxe":1,"minecraft:iron_sword":1,"iceandfire:tide_green_boots":1,"minecraft:bucket":1,"iceandfire:tide_deepblue_leggings":1,"minecraft:stone_axe":1,"minecraft:air":0,"iceandfire:tide_green_helmet":1,"minecraft:oak_boat":4,"minecraft:stick":16,"minecraft:iron_ingot":12,"minecraft:iron_pickaxe":1,"minecraft:wooden_axe":2,"iceandfire:tide_red_helmet":1},"minecraft:mined":{"minecraft:dark_oak_planks":2,"minecraft:dark_prismarine":2,"iceandfire:silver_ore":15,"minecraft:spruce_trapdoor":1,"minecraft:granite":1,"minecraft:redstone_wire":1,"minecraft:coal_block":2,"minecraft:moss_block":3,"mysticalagriculture:inferium_ore":11,"minecraft:tall_seagrass":1,"minecraft:furnace":6,"minecraft:iron_ore":2,"minecraft:fire":1,"minecraft:moss_carpet":2,"minecraft:pumpkin":1,"minecraft:potted_cornflower":1,"minecraft:azalea":1,"minecraft:stone":110,"minecraft:red_wool":1,"minecraft:clay":1,"minecraft:crafting_table":7,"minecraft:calcite":2,"minecraft:tall_grass":13,"minecraft:cobblestone":3,"minecraft:deepslate_coal_ore":1,"botania:blue_mystical_flower":1,"minecraft:sugar_cane":8,"minecraft:oak_planks":1,"botania:black_mystical_flower":1,"botania:cyan_mystical_flower":1,"minecraft:grass":34,"minecraft:oak_log":18,"minecraft:coal_ore":56,"minecraft:sand":1,"botania:gray_mystical_flower":1,"minecraft:red_mushroom_block":1,"minecraft:oak_leaves":3},"minecraft:picked_up":{"minecraft:crafting_table":7,"minecraft:clay_ball":4,"minecraft:lead":6,"minecraft:wooden_pickaxe":1,"minecraft:shield":1,"minecraft:string":8,"minecraft:moss_carpet":5,"iceandfire:sea_serpent_scales_teal":7,"minecraft:oak_hanging_sign":1,"minecraft:gold_nugget":6,"mysticalagriculture:inferium_essence":67,"minecraft:beef":8,"minecraft:calcite":2,"minecraft:azalea":2,"minecraft:coal_block":2,"minecraft:sugar_cane":14,"minecraft:spruce_trapdoor":1,"minecraft:egg":1,"minecraft:furnace":6,"minecraft:raw_iron":2,"minecraft:big_dripleaf":7,"minecraft:porkchop":19,"minecraft:carrot":2,"minecraft:redstone":1,"aquamirae:esca":4,"minecraft:arrow":8,"minecraft:rotten_flesh":45,"botania:blue_mystical_flower":1,"minecraft:gold_ingot":1,"alexsmobs:flying_fish":6,"minecraft:cobblestone":118,"minecraft:cooked_beef":10,"iceandfire:sea_serpent_fang":23,"minecraft:leather":6,"minecraft:red_mushroom":1,"minecraft:oak_log":18,"aquamirae:fin":20,"botania:black_mystical_flower":1,"minecraft:bone":3,"botania:cyan_mystical_flower":1,"minecraft:kelp":12,"minecraft:bow":1,"minecraft:wheat_seeds":5,"minecraft:iron_ingot":2,"iceandfire:sea_serpent_scales_deepblue":8,"minecraft:moss_block":3,"minecraft:flowering_azalea":1,"minecraft:oak_planks":1,"botania:gray_mystical_flower":1,"minecraft:cooked_porkchop":3,"minecraft:pumpkin":1,"iceandfire:sea_serpent_scales_green":26,"minecraft:red_wool":4,"aquamirae:anglers_fang":1,"iceandfire:shiny_scales":2,"minecraft:sand":2,"minecraft:spider_eye":1,"minecraft:dark_oak_log":3,"alexsmobs:animal_dictionary":1,"minecraft:granite":1,"iceandfire:sea_serpent_scales_red":13,"minecraft:bread":1,"minecraft:oak_sapling":1,"minecraft:coal":89,"iceandfire:raw_silver":15},"minecraft:dropped":{"minecraft:iron_ingot":5,"iceandfire:raw_silver":15,"minecraft:wheat_seeds":5,"minecraft:cooked_beef":6,"minecraft:cooked_porkchop":2,"minecraft:cobblestone":2,"minecraft:lead":1,"minecraft:red_wool":1,"minecraft:coal":2,"minecraft:red_mushroom":1,"minecraft:stick":1,"iceandfire:sea_serpent_scales_teal":3,"minecraft:dark_oak_log":3,"minecraft:wooden_axe":1,"alexsmobs:flying_fish":1,"minecraft:gold_nugget":6,"minecraft:sand":1,"minecraft:redstone":1,"minecraft:bone":3,"minecraft:stone_axe":1,"minecraft:moss_carpet":3,"minecraft:kelp":12,"alexsmobs:animal_dictionary":2,"iceandfire:sea_serpent_scales_deepblue":1,"minecraft:rotten_flesh":45,"minecraft:clay_ball":4,"minecraft:oak_planks":1,"minecraft:cooked_mutton":2,"minecraft:carrot":1,"iceandfire:shiny_scales":2,"minecraft:big_dripleaf":7,"mysticalagriculture:inferium_essence":67,"minecraft:azalea":1,"minecraft:spider_eye":1,"minecraft:arrow":6,"minecraft:bow":1,"minecraft:wooden_pickaxe":2},"minecraft:killed":{"minecraft:spider":7,"minecraft:skeleton":5,"aquamirae:golden_moth":3,"iceandfire:hippocampus":1,"minecraft:husk":35,"aquamirae:maw":17,"minecraft:pig":8,"mowziesmobs:lantern":1,"alexsmobs:flutter":1,"minecraft:zombie":11,"aquamirae:anglerfish":4,"alexsmobs:fly":1,"iceandfire:sea_serpent":4,"minecraft:cow":4}},"DataVersion":3465}