{"stats":{"minecraft:custom":{"minecraft:jump":188,"minecraft:time_since_rest":17440,"minecraft:damage_dealt":376,"minecraft:damage_taken":75,"minecraft:crouch_one_cm":18,"minecraft:leave_game":5,"minecraft:play_time":17440,"minecraft:sprint_one_cm":20939,"minecraft:time_since_death":17440,"minecraft:walk_one_cm":29990,"minecraft:sneak_time":62,"minecraft:total_world_time":17440,"minecraft:mob_kills":1,"minecraft:drop":2,"minecraft:fall_one_cm":3321,"minecraft:fly_one_cm":26794},"minecraft:used":{"minecraft:cooked_beef":2,"minecraft:sand":1},"minecraft:mined":{"minecraft:sand":1},"minecraft:picked_up":{"minecraft:sand":1,"minecraft:cooked_beef":3,"mysticalagriculture:inferium_essence":2,"alexsmobs:flying_fish":4},"minecraft:dropped":{"mysticalagriculture:inferium_essence":2}},"DataVersion":3465}