{"stats":{"minecraft:custom":{"minecraft:interact_with_furnace":10,"minecraft:mob_kills":19,"minecraft:interact_with_crafting_table":8,"minecraft:leave_game":5,"minecraft:time_since_death":9986,"minecraft:time_since_rest":10013,"minecraft:sprint_one_cm":177381,"minecraft:damage_taken":1383,"minecraft:walk_one_cm":98946,"minecraft:damage_blocked_by_shield":320,"minecraft:drop":42,"minecraft:damage_dealt":3120,"minecraft:swim_one_cm":14301,"minecraft:fly_one_cm":201960,"minecraft:crouch_one_cm":3973,"minecraft:play_time":53440,"minecraft:deaths":1,"minecraft:sneak_time":1033,"minecraft:walk_under_water_one_cm":4065,"minecraft:jump":1175,"minecraft:walk_on_water_one_cm":11900,"minecraft:total_world_time":53440,"minecraft:inspect_dispenser":2,"minecraft:fall_one_cm":24382},"minecraft:killed_by":{"minecraft:creeper":1},"minecraft:used":{"minecraft:azalea":1,"minecraft:moss_block":3,"minecraft:moss_carpet":2,"minecraft:water_bucket":10,"minecraft:stone_pickaxe":135,"minecraft:oak_planks":1,"minecraft:shield":6,"minecraft:wooden_pickaxe":12,"minecraft:sand":1,"minecraft:crafting_table":3,"minecraft:carrot":2,"minecraft:granite":1,"minecraft:axolotl_bucket":1,"minecraft:wooden_axe":30,"minecraft:flowering_azalea":1,"minecraft:red_wool":1,"minecraft:oak_button":1,"minecraft:iron_pickaxe":38,"minecraft:stone_axe":2,"minecraft:bow":2,"minecraft:furnace":3,"minecraft:bucket":12,"alexsmobs:animal_dictionary":1,"minecraft:cooked_beef":13,"minecraft:oak_hanging_sign":1,"minecraft:pumpkin":1},"minecraft:broken":{"minecraft:stone_pickaxe":1,"minecraft:wooden_axe":1},"minecraft:crafted":{"minecraft:cooked_beef":1,"minecraft:oak_planks":24,"minecraft:crafting_table":2,"minecraft:wooden_pickaxe":1,"minecraft:furnace":3,"minecraft:bucket":1,"minecraft:stone_axe":1,"minecraft:air":0,"minecraft:stick":12,"minecraft:iron_ingot":12,"minecraft:iron_pickaxe":1,"minecraft:stone_pickaxe":1,"minecraft:wooden_axe":1,"minecraft:oak_button":1},"minecraft:mined":{"iceandfire:silver_ore":15,"minecraft:red_wool":1,"minecraft:clay":1,"minecraft:crafting_table":2,"minecraft:granite":1,"minecraft:tall_grass":13,"minecraft:moss_block":3,"mysticalagriculture:inferium_ore":11,"minecraft:furnace":2,"minecraft:iron_ore":2,"minecraft:pumpkin":1,"minecraft:moss_carpet":2,"minecraft:grass":25,"minecraft:oak_log":6,"minecraft:coal_ore":56,"minecraft:sand":1,"minecraft:azalea":1,"minecraft:red_mushroom_block":1,"minecraft:stone":89},"minecraft:picked_up":{"minecraft:crafting_table":2,"minecraft:cooked_beef":8,"minecraft:clay_ball":4,"minecraft:leather":4,"minecraft:wooden_pickaxe":1,"minecraft:red_mushroom":1,"minecraft:oak_log":6,"minecraft:shield":1,"minecraft:moss_carpet":5,"minecraft:oak_hanging_sign":1,"minecraft:bone":3,"minecraft:bow":1,"minecraft:wheat_seeds":4,"mysticalagriculture:inferium_essence":48,"minecraft:beef":7,"minecraft:azalea":2,"minecraft:moss_block":3,"minecraft:flowering_azalea":1,"minecraft:furnace":2,"minecraft:raw_iron":2,"minecraft:pumpkin":1,"minecraft:big_dripleaf":7,"minecraft:red_wool":4,"minecraft:sand":2,"minecraft:carrot":1,"minecraft:dark_oak_log":3,"minecraft:arrow":5,"minecraft:rotten_flesh":4,"minecraft:granite":1,"iceandfire:raw_silver":15,"minecraft:coal":55,"alexsmobs:flying_fish":4,"minecraft:cobblestone":91},"minecraft:dropped":{"minecraft:iron_ingot":3,"minecraft:moss_carpet":3,"minecraft:wheat_seeds":4,"minecraft:cooked_beef":2,"minecraft:rotten_flesh":4,"minecraft:clay_ball":4,"minecraft:oak_planks":1,"minecraft:red_wool":1,"minecraft:red_mushroom":1,"minecraft:big_dripleaf":7,"minecraft:dark_oak_log":3,"mysticalagriculture:inferium_essence":48,"minecraft:azalea":1,"minecraft:sand":1,"minecraft:arrow":3,"minecraft:bow":1,"minecraft:wooden_pickaxe":2,"minecraft:bone":3},"minecraft:killed":{"minecraft:skeleton":4,"alexsmobs:flutter":1,"minecraft:zombie":10,"minecraft:cow":3}},"DataVersion":3465}