{"stats":{"minecraft:custom":{"minecraft:jump":46,"minecraft:time_since_rest":6384,"minecraft:damage_dealt":116,"minecraft:crouch_one_cm":14,"minecraft:leave_game":4,"minecraft:play_time":6384,"minecraft:sprint_one_cm":6703,"minecraft:damage_taken":10,"minecraft:time_since_death":6384,"minecraft:walk_one_cm":8760,"minecraft:sneak_time":56,"minecraft:total_world_time":6384,"minecraft:fall_one_cm":1171,"minecraft:fly_one_cm":9571},"minecraft:used":{"minecraft:sand":1},"minecraft:mined":{"minecraft:sand":1},"minecraft:picked_up":{"minecraft:sand":1}},"DataVersion":3465}