{"stats":{"minecraft:custom":{"minecraft:interact_with_furnace":23,"minecraft:mob_kills":21,"minecraft:interact_with_crafting_table":12,"minecraft:leave_game":5,"minecraft:time_since_death":17419,"minecraft:time_since_rest":17490,"minecraft:sprint_one_cm":205289,"minecraft:damage_taken":2596,"minecraft:walk_one_cm":144868,"minecraft:damage_blocked_by_shield":560,"minecraft:drop":64,"minecraft:damage_dealt":4169,"minecraft:swim_one_cm":27293,"minecraft:fly_one_cm":264633,"minecraft:crouch_one_cm":3973,"minecraft:play_time":101440,"minecraft:deaths":3,"minecraft:sneak_time":1147,"minecraft:walk_under_water_one_cm":16191,"minecraft:boat_one_cm":985953,"minecraft:jump":1430,"minecraft:walk_on_water_one_cm":31318,"minecraft:total_world_time":101440,"minecraft:inspect_dispenser":2,"minecraft:fall_one_cm":35127},"minecraft:killed_by":{"minecraft:creeper":1,"iceandfire:siren":2},"minecraft:used":{"minecraft:azalea":1,"minecraft:moss_block":3,"minecraft:cooked_mutton":4,"minecraft:moss_carpet":2,"minecraft:water_bucket":13,"minecraft:stone_pickaxe":135,"minecraft:oak_planks":1,"minecraft:shield":13,"minecraft:wooden_pickaxe":12,"minecraft:sand":1,"minecraft:crafting_table":6,"minecraft:carrot":2,"minecraft:granite":1,"minecraft:axolotl_bucket":1,"minecraft:wooden_axe":31,"minecraft:flowering_azalea":1,"minecraft:red_wool":1,"minecraft:oak_button":1,"minecraft:iron_pickaxe":62,"minecraft:stone_axe":22,"minecraft:cobblestone":9,"minecraft:bow":2,"minecraft:oak_sapling":1,"minecraft:furnace":5,"minecraft:cooked_porkchop":7,"minecraft:bucket":15,"minecraft:oak_boat":2,"alexsmobs:animal_dictionary":1,"minecraft:egg":1,"minecraft:cooked_beef":13,"minecraft:oak_hanging_sign":1,"minecraft:pumpkin":1},"minecraft:broken":{"minecraft:stone_pickaxe":1,"minecraft:wooden_axe":1},"minecraft:crafted":{"minecraft:cooked_beef":8,"minecraft:oak_planks":60,"minecraft:cooked_porkchop":8,"minecraft:crafting_table":3,"minecraft:wooden_pickaxe":1,"minecraft:furnace":3,"minecraft:bucket":1,"minecraft:stone_axe":1,"minecraft:cooked_mutton":6,"minecraft:air":0,"minecraft:oak_boat":2,"minecraft:stick":16,"minecraft:iron_ingot":12,"minecraft:iron_pickaxe":1,"minecraft:stone_pickaxe":1,"minecraft:wooden_axe":2,"minecraft:oak_button":1},"minecraft:mined":{"iceandfire:silver_ore":15,"minecraft:red_wool":1,"minecraft:clay":1,"minecraft:crafting_table":5,"minecraft:granite":1,"minecraft:cobblestone":1,"minecraft:tall_grass":13,"minecraft:sugar_cane":2,"minecraft:oak_planks":1,"minecraft:moss_block":3,"mysticalagriculture:inferium_ore":11,"minecraft:furnace":4,"minecraft:iron_ore":2,"minecraft:pumpkin":1,"minecraft:moss_carpet":2,"minecraft:grass":31,"minecraft:oak_log":15,"minecraft:coal_ore":56,"minecraft:sand":1,"minecraft:azalea":1,"minecraft:red_mushroom_block":1,"minecraft:stone":110,"minecraft:oak_leaves":2},"minecraft:picked_up":{"minecraft:crafting_table":5,"minecraft:cooked_beef":10,"iceandfire:sea_serpent_fang":7,"minecraft:clay_ball":4,"minecraft:leather":4,"minecraft:lead":2,"minecraft:wooden_pickaxe":1,"minecraft:red_mushroom":1,"minecraft:oak_log":15,"minecraft:shield":1,"minecraft:moss_carpet":5,"minecraft:oak_hanging_sign":1,"minecraft:bone":3,"minecraft:kelp":12,"minecraft:bow":1,"minecraft:wheat_seeds":4,"mysticalagriculture:inferium_essence":49,"minecraft:beef":7,"minecraft:azalea":2,"minecraft:sugar_cane":4,"minecraft:moss_block":3,"minecraft:oak_planks":1,"minecraft:flowering_azalea":1,"minecraft:egg":1,"minecraft:furnace":4,"minecraft:raw_iron":2,"minecraft:pumpkin":1,"minecraft:big_dripleaf":7,"minecraft:red_wool":4,"iceandfire:shiny_scales":2,"minecraft:sand":2,"minecraft:carrot":1,"minecraft:dark_oak_log":3,"alexsmobs:animal_dictionary":1,"minecraft:arrow":5,"minecraft:rotten_flesh":4,"iceandfire:sea_serpent_scales_red":13,"minecraft:granite":1,"minecraft:oak_sapling":1,"iceandfire:raw_silver":15,"minecraft:coal":75,"alexsmobs:flying_fish":4,"minecraft:cobblestone":115},"minecraft:dropped":{"minecraft:iron_ingot":3,"iceandfire:raw_silver":15,"minecraft:moss_carpet":3,"minecraft:kelp":12,"minecraft:wheat_seeds":4,"minecraft:cooked_beef":6,"alexsmobs:animal_dictionary":1,"minecraft:cooked_porkchop":2,"minecraft:rotten_flesh":4,"minecraft:clay_ball":4,"minecraft:oak_planks":1,"minecraft:red_wool":1,"minecraft:cooked_mutton":2,"iceandfire:shiny_scales":2,"minecraft:coal":2,"minecraft:red_mushroom":1,"minecraft:big_dripleaf":7,"minecraft:dark_oak_log":3,"minecraft:wooden_axe":1,"mysticalagriculture:inferium_essence":49,"minecraft:azalea":1,"minecraft:sand":1,"minecraft:arrow":3,"minecraft:bow":1,"minecraft:wooden_pickaxe":2,"minecraft:bone":3},"minecraft:killed":{"iceandfire:hippocampus":1,"minecraft:skeleton":4,"alexsmobs:flutter":1,"minecraft:zombie":10,"iceandfire:sea_serpent":1,"minecraft:cow":3}},"DataVersion":3465}