{"stats":{"minecraft:custom":{"minecraft:jump":40,"minecraft:time_since_rest":4883,"minecraft:damage_dealt":116,"minecraft:crouch_one_cm":14,"minecraft:leave_game":2,"minecraft:play_time":4883,"minecraft:sprint_one_cm":5747,"minecraft:damage_taken":10,"minecraft:time_since_death":4883,"minecraft:walk_one_cm":7983,"minecraft:sneak_time":56,"minecraft:total_world_time":4883,"minecraft:fall_one_cm":753,"minecraft:fly_one_cm":8041},"minecraft:used":{"minecraft:sand":1},"minecraft:mined":{"minecraft:sand":1},"minecraft:picked_up":{"minecraft:sand":1}},"DataVersion":3465}