{"stats":{"minecraft:custom":{"minecraft:time_since_rest":29440,"minecraft:sprint_one_cm":55495,"minecraft:damage_taken":363,"minecraft:walk_one_cm":55089,"minecraft:mob_kills":7,"minecraft:drop":7,"minecraft:damage_dealt":1057,"minecraft:swim_one_cm":8798,"minecraft:interact_with_crafting_table":5,"minecraft:fly_one_cm":68661,"minecraft:crouch_one_cm":1549,"minecraft:play_time":29440,"minecraft:sneak_time":414,"minecraft:walk_under_water_one_cm":406,"minecraft:jump":456,"minecraft:leave_game":5,"minecraft:time_since_death":29440,"minecraft:walk_on_water_one_cm":1887,"minecraft:total_world_time":29440,"minecraft:fall_one_cm":6067,"minecraft:inspect_dispenser":2},"minecraft:used":{"minecraft:wooden_axe":8,"minecraft:red_wool":1,"minecraft:stone_pickaxe":46,"minecraft:oak_button":1,"minecraft:wooden_pickaxe":12,"minecraft:sand":1,"minecraft:crafting_table":1,"alexsmobs:animal_dictionary":1,"minecraft:cooked_beef":6,"minecraft:oak_hanging_sign":1},"minecraft:crafted":{"minecraft:oak_planks":20,"minecraft:crafting_table":1,"minecraft:stick":12,"minecraft:wooden_pickaxe":1,"minecraft:stone_pickaxe":1,"minecraft:wooden_axe":1,"minecraft:furnace":1,"minecraft:oak_button":1},"minecraft:mined":{"minecraft:red_wool":1,"minecraft:crafting_table":1,"minecraft:coal_ore":34,"minecraft:oak_log":5,"minecraft:sand":1,"minecraft:red_mushroom_block":1,"minecraft:stone":22},"minecraft:picked_up":{"minecraft:crafting_table":1,"minecraft:cooked_beef":8,"minecraft:leather":4,"minecraft:red_wool":4,"minecraft:red_mushroom":1,"minecraft:sand":2,"minecraft:oak_log":5,"minecraft:dark_oak_log":3,"minecraft:oak_hanging_sign":1,"mysticalagriculture:inferium_essence":3,"minecraft:beef":7,"minecraft:coal":33,"alexsmobs:flying_fish":4,"minecraft:cobblestone":23},"minecraft:dropped":{"minecraft:dark_oak_log":3,"mysticalagriculture:inferium_essence":3,"minecraft:sand":1,"minecraft:red_wool":1,"minecraft:red_mushroom":1},"minecraft:killed":{"minecraft:skeleton":1,"minecraft:zombie":2,"minecraft:cow":3}},"DataVersion":3465}