{"stats":{"minecraft:custom":{"minecraft:jump":76,"minecraft:time_since_rest":8543,"minecraft:damage_dealt":124,"minecraft:crouch_one_cm":14,"minecraft:leave_game":5,"minecraft:play_time":8543,"minecraft:sprint_one_cm":10411,"minecraft:damage_taken":20,"minecraft:time_since_death":8543,"minecraft:walk_one_cm":10465,"minecraft:sneak_time":56,"minecraft:total_world_time":8543,"minecraft:fall_one_cm":1589,"minecraft:fly_one_cm":15625},"minecraft:used":{"minecraft:cooked_beef":1,"minecraft:sand":1},"minecraft:mined":{"minecraft:sand":1},"minecraft:picked_up":{"minecraft:cooked_beef":3,"minecraft:sand":1,"alexsmobs:flying_fish":1}},"DataVersion":3465}