{"stats":{"minecraft:custom":{"minecraft:time_since_rest":36391,"minecraft:interact_with_furnace":3,"minecraft:sprint_one_cm":93825,"minecraft:damage_taken":458,"minecraft:walk_one_cm":139170,"minecraft:damage_blocked_by_shield":345,"minecraft:mob_kills":6,"minecraft:drop":3,"minecraft:damage_dealt":980,"minecraft:swim_one_cm":2068,"minecraft:interact_with_crafting_table":6,"minecraft:fly_one_cm":83866,"minecraft:crouch_one_cm":4287,"minecraft:play_time":36391,"minecraft:sneak_time":1111,"minecraft:walk_under_water_one_cm":740,"minecraft:jump":679,"minecraft:leave_game":2,"minecraft:time_since_death":36391,"minecraft:walk_on_water_one_cm":1171,"minecraft:climb_one_cm":214,"minecraft:total_world_time":36391,"minecraft:fall_one_cm":13336,"minecraft:inspect_dispenser":3},"minecraft:used":{"minecraft:stone_sword":23,"minecraft:stone_pickaxe":113,"minecraft:shield":13,"minecraft:wooden_pickaxe":13,"minecraft:rotten_flesh":1,"minecraft:torch":4,"minecraft:cobblestone":11,"minecraft:crafting_table":3,"minecraft:furnace":1,"alexsmobs:animal_dictionary":1,"minecraft:cooked_beef":5},"minecraft:crafted":{"minecraft:oak_planks":24,"minecraft:shield":2,"minecraft:crafting_table":2,"minecraft:stick":4,"minecraft:wooden_pickaxe":1,"minecraft:stone_pickaxe":1,"minecraft:stone_sword":1,"minecraft:furnace":1,"minecraft:torch":4},"minecraft:mined":{"iceandfire:silver_ore":7,"minecraft:birch_log":6,"minecraft:iron_ore":15,"minecraft:crafting_table":2,"minecraft:cave_vines_plant":1,"minecraft:grass":1,"minecraft:oak_log":6,"minecraft:coal_ore":70,"minecraft:stone":32},"minecraft:picked_up":{"minecraft:birch_log":6,"minecraft:crafting_table":2,"minecraft:stick":2,"minecraft:raw_iron":15,"minecraft:cooked_beef":7,"minecraft:red_wool":2,"minecraft:oak_log":6,"minecraft:arrow":1,"minecraft:bone":2,"minecraft:rotten_flesh":3,"mysticalagriculture:inferium_essence":3,"minecraft:iron_ingot":3,"minecraft:glow_berries":1,"minecraft:oak_planks":1,"minecraft:coal":70,"iceandfire:raw_silver":7,"minecraft:cobblestone":31},"minecraft:dropped":{"minecraft:shield":1,"mysticalagriculture:inferium_essence":2},"minecraft:killed":{"minecraft:skeleton":3,"minecraft:zombie":2}},"DataVersion":3465}