{"stats":{"minecraft:custom":{"lootr:looted_stat":8,"minecraft:interact_with_furnace":6,"minecraft:mob_kills":29,"minecraft:interact_with_crafting_table":27,"minecraft:leave_game":2,"minecraft:time_since_death":7276,"minecraft:climb_one_cm":453,"minecraft:time_since_rest":7353,"minecraft:sprint_one_cm":332857,"minecraft:damage_taken":4460,"minecraft:walk_one_cm":388905,"minecraft:damage_blocked_by_shield":1490,"minecraft:drop":28,"minecraft:damage_dealt":8101,"minecraft:swim_one_cm":39588,"minecraft:fly_one_cm":351234,"minecraft:crouch_one_cm":9858,"minecraft:play_time":174391,"minecraft:deaths":10,"minecraft:sneak_time":3507,"minecraft:walk_under_water_one_cm":21556,"minecraft:boat_one_cm":2547063,"minecraft:jump":2059,"minecraft:walk_on_water_one_cm":24078,"minecraft:total_world_time":174391,"minecraft:fall_one_cm":48118,"minecraft:inspect_dispenser":3},"minecraft:killed_by":{"minecraft:husk":1,"minecraft:skeleton":2,"iceandfire:siren":2,"iceandfire:sea_serpent":3},"minecraft:used":{"minecraft:calcite":6,"minecraft:stone_sword":37,"minecraft:stone_pickaxe":151,"minecraft:wooden_pickaxe":14,"minecraft:shield":31,"minecraft:birch_boat":5,"minecraft:iron_sword":151,"minecraft:rotten_flesh":5,"minecraft:torch":4,"minecraft:dirt":5,"minecraft:crafting_table":10,"minecraft:mushroom_stew":2,"minecraft:cake":1,"minecraft:dark_oak_planks":1,"minecraft:apple":11,"minecraft:cyan_bed":1,"minecraft:bread":9,"minecraft:cobblestone":11,"minecraft:dark_oak_boat":5,"minecraft:furnace":1,"minecraft:pumpkin_pie":7,"alexsmobs:animal_dictionary":1,"minecraft:oak_boat":2,"minecraft:cooked_beef":7},"minecraft:crafted":{"minecraft:oak_planks":44,"minecraft:crafting_table":6,"minecraft:dark_oak_boat":4,"minecraft:wooden_pickaxe":2,"minecraft:birch_boat":4,"minecraft:iron_sword":2,"minecraft:furnace":1,"minecraft:mangrove_planks":12,"minecraft:birch_planks":60,"minecraft:oak_boat":2,"minecraft:iron_chestplate":1,"minecraft:wooden_hoe":1,"minecraft:shield":3,"minecraft:stick":16,"minecraft:iron_pickaxe":1,"minecraft:stone_pickaxe":2,"minecraft:stone_sword":1,"minecraft:dark_oak_planks":40,"minecraft:torch":4},"minecraft:mined":{"minecraft:dark_oak_planks":5,"minecraft:spruce_planks":4,"iceandfire:silver_ore":7,"minecraft:dark_oak_log":11,"minecraft:crafting_table":9,"minecraft:cave_vines_plant":1,"minecraft:grass_block":1,"minecraft:tall_grass":1,"minecraft:cyan_bed":4,"minecraft:sugar_cane":6,"minecraft:spawner":1,"minecraft:birch_log":15,"minecraft:iron_ore":32,"minecraft:ice":1,"minecraft:grass":3,"minecraft:coal_ore":77,"minecraft:oak_log":14,"minecraft:cyan_carpet":4,"minecraft:dirt":2,"minecraft:packed_ice":2,"minecraft:stripped_mangrove_wood":3,"minecraft:stone":45,"minecraft:small_dripleaf":1},"minecraft:picked_up":{"minecraft:birch_log":15,"minecraft:crafting_table":9,"minecraft:cooked_beef":7,"minecraft:flower_pot":1,"minecraft:glow_ink_sac":1,"minecraft:dark_oak_boat":1,"minecraft:lead":1,"aquamirae:oxygelium":1,"minecraft:oak_log":14,"minecraft:cornflower":1,"minecraft:wooden_hoe":1,"minecraft:dirt":7,"minecraft:dark_oak_trapdoor":3,"iceandfire:sea_serpent_scales_teal":3,"minecraft:item_frame":2,"minecraft:bone":2,"minecraft:cyan_carpet":4,"minecraft:gray_carpet":3,"minecraft:kelp":2,"minecraft:gold_nugget":1,"minecraft:wheat_seeds":1,"mysticalagriculture:inferium_essence":16,"minecraft:iron_ingot":5,"minecraft:dark_oak_sign":2,"minecraft:calcite":6,"minecraft:glass_bottle":1,"minecraft:spruce_slab":1,"minecraft:sugar_cane":12,"iceandfire:sea_serpent_scales_deepblue":9,"minecraft:oak_planks":8,"minecraft:raw_iron":32,"minecraft:stick":4,"minecraft:stripped_mangrove_wood":3,"minecraft:birch_boat":1,"minecraft:red_wool":2,"minecraft:red_banner":1,"minecraft:ink_sac":1,"minecraft:cyan_bed":4,"minecraft:dark_oak_log":10,"minecraft:dark_oak_planks":5,"minecraft:arrow":1,"minecraft:rotten_flesh":36,"minecraft:stone_axe":1,"minecraft:tropical_fish":1,"minecraft:bread":13,"alexsmobs:maggot":2,"minecraft:oak_sapling":2,"minecraft:glow_berries":1,"minecraft:mutton":4,"minecraft:coal":77,"iceandfire:raw_silver":7,"minecraft:cobblestone":43},"minecraft:dropped":{"minecraft:bread":16,"minecraft:iron_sword":1,"minecraft:stone_axe":1,"minecraft:wheat_seeds":1,"minecraft:dark_oak_sign":2,"minecraft:glass_bottle":1,"iceandfire:sea_serpent_scales_deepblue":8,"minecraft:red_banner":1,"minecraft:item_frame":2,"iceandfire:sea_serpent_scales_teal":3,"minecraft:shield":1,"minecraft:flower_pot":1,"minecraft:ink_sac":1,"minecraft:wooden_hoe":2,"minecraft:cornflower":1,"minecraft:dark_oak_trapdoor":3,"mysticalagriculture:inferium_essence":14,"minecraft:oak_sapling":2,"minecraft:spruce_slab":1,"minecraft:cyan_bed":1,"minecraft:gray_carpet":3,"minecraft:cyan_carpet":4},"minecraft:killed":{"minecraft:husk":15,"minecraft:spider":1,"minecraft:skeleton":3,"minecraft:zombie":7,"aquamirae:golden_moth":1,"iceandfire:sea_serpent":1}},"DataVersion":3465}