{"stats":{"minecraft:custom":{"lootr:looted_stat":8,"minecraft:interact_with_furnace":6,"minecraft:mob_kills":28,"minecraft:interact_with_crafting_table":23,"minecraft:leave_game":2,"minecraft:time_since_death":15940,"minecraft:climb_one_cm":453,"minecraft:time_since_rest":15988,"minecraft:sprint_one_cm":293502,"minecraft:damage_taken":3691,"minecraft:walk_one_cm":329550,"minecraft:damage_blocked_by_shield":1340,"minecraft:drop":25,"minecraft:damage_dealt":7065,"minecraft:swim_one_cm":39588,"minecraft:fly_one_cm":318070,"minecraft:crouch_one_cm":8949,"minecraft:play_time":150391,"minecraft:deaths":8,"minecraft:sneak_time":3184,"minecraft:walk_under_water_one_cm":19920,"minecraft:boat_one_cm":2094496,"minecraft:jump":1873,"minecraft:walk_on_water_one_cm":22322,"minecraft:total_world_time":150391,"minecraft:fall_one_cm":41602,"minecraft:inspect_dispenser":3},"minecraft:killed_by":{"minecraft:husk":1,"minecraft:skeleton":2,"iceandfire:siren":2,"iceandfire:sea_serpent":1},"minecraft:used":{"minecraft:calcite":6,"minecraft:stone_sword":37,"minecraft:stone_pickaxe":151,"minecraft:wooden_pickaxe":14,"minecraft:shield":26,"minecraft:birch_boat":4,"minecraft:iron_sword":130,"minecraft:rotten_flesh":5,"minecraft:torch":4,"minecraft:dirt":5,"minecraft:crafting_table":10,"minecraft:mushroom_stew":1,"minecraft:dark_oak_planks":1,"minecraft:apple":6,"minecraft:cyan_bed":1,"minecraft:bread":8,"minecraft:cobblestone":11,"minecraft:dark_oak_boat":5,"minecraft:furnace":1,"minecraft:pumpkin_pie":7,"alexsmobs:animal_dictionary":1,"minecraft:oak_boat":1,"minecraft:cooked_beef":7},"minecraft:crafted":{"minecraft:oak_planks":44,"minecraft:crafting_table":6,"minecraft:dark_oak_boat":4,"minecraft:wooden_pickaxe":2,"minecraft:birch_boat":3,"minecraft:iron_sword":1,"minecraft:furnace":1,"minecraft:mangrove_planks":12,"minecraft:birch_planks":48,"minecraft:oak_boat":1,"minecraft:iron_chestplate":1,"minecraft:wooden_hoe":1,"minecraft:shield":3,"minecraft:stick":16,"minecraft:iron_pickaxe":1,"minecraft:stone_pickaxe":2,"minecraft:stone_sword":1,"minecraft:dark_oak_planks":40,"minecraft:torch":4},"minecraft:mined":{"minecraft:dark_oak_planks":5,"minecraft:spruce_planks":4,"iceandfire:silver_ore":7,"minecraft:dark_oak_log":11,"minecraft:crafting_table":8,"minecraft:cave_vines_plant":1,"minecraft:grass_block":1,"minecraft:tall_grass":1,"minecraft:cyan_bed":2,"minecraft:sugar_cane":6,"minecraft:spawner":1,"minecraft:birch_log":12,"minecraft:iron_ore":32,"minecraft:grass":2,"minecraft:coal_ore":77,"minecraft:oak_log":11,"minecraft:cyan_carpet":4,"minecraft:dirt":2,"minecraft:stripped_mangrove_wood":3,"minecraft:stone":45,"minecraft:small_dripleaf":1},"minecraft:picked_up":{"minecraft:birch_log":12,"minecraft:crafting_table":8,"minecraft:cooked_beef":7,"minecraft:flower_pot":1,"minecraft:glow_ink_sac":1,"minecraft:dark_oak_boat":1,"minecraft:lead":1,"minecraft:oak_log":11,"minecraft:cornflower":1,"minecraft:wooden_hoe":1,"minecraft:dirt":7,"minecraft:dark_oak_trapdoor":3,"iceandfire:sea_serpent_scales_teal":3,"minecraft:item_frame":2,"minecraft:bone":2,"minecraft:cyan_carpet":4,"minecraft:gray_carpet":3,"minecraft:kelp":2,"minecraft:wheat_seeds":1,"mysticalagriculture:inferium_essence":16,"minecraft:iron_ingot":3,"minecraft:dark_oak_sign":1,"minecraft:calcite":6,"minecraft:glass_bottle":1,"minecraft:spruce_slab":1,"minecraft:sugar_cane":12,"iceandfire:sea_serpent_scales_deepblue":8,"minecraft:oak_planks":1,"minecraft:raw_iron":32,"minecraft:stick":3,"minecraft:stripped_mangrove_wood":3,"minecraft:birch_boat":1,"minecraft:red_wool":2,"minecraft:red_banner":1,"minecraft:ink_sac":1,"minecraft:cyan_bed":1,"minecraft:dark_oak_log":10,"minecraft:dark_oak_planks":5,"minecraft:arrow":1,"minecraft:rotten_flesh":36,"minecraft:stone_axe":1,"minecraft:tropical_fish":1,"minecraft:bread":13,"alexsmobs:maggot":2,"minecraft:glow_berries":1,"minecraft:mutton":4,"minecraft:coal":77,"iceandfire:raw_silver":7,"minecraft:cobblestone":43},"minecraft:dropped":{"minecraft:bread":16,"minecraft:iron_sword":1,"minecraft:stone_axe":1,"minecraft:wheat_seeds":1,"minecraft:dark_oak_sign":1,"minecraft:glass_bottle":1,"iceandfire:sea_serpent_scales_deepblue":8,"minecraft:red_banner":1,"minecraft:item_frame":2,"iceandfire:sea_serpent_scales_teal":3,"minecraft:shield":1,"minecraft:flower_pot":1,"minecraft:ink_sac":1,"minecraft:wooden_hoe":2,"minecraft:cornflower":1,"minecraft:dark_oak_trapdoor":3,"mysticalagriculture:inferium_essence":14,"minecraft:spruce_slab":1,"minecraft:gray_carpet":3,"minecraft:cyan_carpet":4},"minecraft:killed":{"minecraft:husk":15,"minecraft:spider":1,"minecraft:skeleton":3,"minecraft:zombie":7,"iceandfire:sea_serpent":1}},"DataVersion":3465}