{"stats":{"minecraft:custom":{"minecraft:time_since_rest":11382,"minecraft:interact_with_furnace":6,"minecraft:sprint_one_cm":162143,"minecraft:damage_taken":848,"minecraft:walk_one_cm":158587,"minecraft:damage_blocked_by_shield":425,"minecraft:mob_kills":10,"minecraft:drop":3,"minecraft:damage_dealt":1513,"minecraft:swim_one_cm":8618,"minecraft:interact_with_crafting_table":8,"minecraft:fly_one_cm":167271,"minecraft:deaths":1,"minecraft:crouch_one_cm":4909,"minecraft:play_time":48391,"minecraft:sneak_time":1497,"minecraft:walk_under_water_one_cm":13395,"minecraft:jump":1112,"minecraft:leave_game":2,"minecraft:time_since_death":11337,"minecraft:walk_on_water_one_cm":6267,"minecraft:climb_one_cm":214,"minecraft:total_world_time":48391,"minecraft:fall_one_cm":23483,"minecraft:inspect_dispenser":3},"minecraft:killed_by":{"minecraft:skeleton":1},"minecraft:used":{"minecraft:stone_sword":37,"minecraft:stone_pickaxe":151,"minecraft:shield":15,"minecraft:wooden_pickaxe":13,"minecraft:rotten_flesh":5,"minecraft:torch":4,"minecraft:cobblestone":11,"minecraft:crafting_table":3,"minecraft:furnace":1,"alexsmobs:animal_dictionary":1,"minecraft:cooked_beef":7},"minecraft:crafted":{"minecraft:oak_planks":24,"minecraft:shield":2,"minecraft:crafting_table":2,"minecraft:stick":8,"minecraft:wooden_pickaxe":1,"minecraft:stone_pickaxe":2,"minecraft:stone_sword":1,"minecraft:furnace":1,"minecraft:torch":4,"minecraft:birch_planks":24},"minecraft:mined":{"iceandfire:silver_ore":7,"minecraft:birch_log":6,"minecraft:iron_ore":32,"minecraft:crafting_table":2,"minecraft:cave_vines_plant":1,"minecraft:grass":1,"minecraft:grass_block":1,"minecraft:oak_log":6,"minecraft:coal_ore":77,"minecraft:dirt":1,"minecraft:tall_grass":1,"minecraft:stone":45,"minecraft:small_dripleaf":1},"minecraft:picked_up":{"minecraft:birch_log":6,"minecraft:crafting_table":2,"minecraft:stick":2,"minecraft:raw_iron":32,"minecraft:cooked_beef":7,"minecraft:red_wool":2,"minecraft:oak_log":6,"minecraft:dirt":2,"minecraft:arrow":1,"minecraft:bone":2,"minecraft:rotten_flesh":5,"minecraft:tropical_fish":1,"mysticalagriculture:inferium_essence":4,"minecraft:iron_ingot":3,"minecraft:glow_berries":1,"minecraft:oak_planks":1,"minecraft:coal":77,"iceandfire:raw_silver":7,"minecraft:cobblestone":43},"minecraft:dropped":{"minecraft:shield":1,"mysticalagriculture:inferium_essence":2},"minecraft:killed":{"minecraft:skeleton":3,"minecraft:zombie":6}},"DataVersion":3465}