{"stats":{"minecraft:custom":{"minecraft:time_since_rest":24391,"minecraft:crouch_one_cm":3523,"minecraft:sprint_one_cm":34338,"minecraft:play_time":24391,"minecraft:damage_taken":248,"minecraft:walk_one_cm":97407,"minecraft:sneak_time":727,"minecraft:walk_under_water_one_cm":495,"minecraft:mob_kills":1,"minecraft:drop":2,"minecraft:jump":381,"minecraft:damage_dealt":78,"minecraft:walk_on_water_one_cm":582,"minecraft:leave_game":2,"minecraft:time_since_death":24391,"minecraft:total_world_time":24391,"minecraft:interact_with_crafting_table":2,"minecraft:swim_one_cm":2068,"minecraft:fall_one_cm":6521,"minecraft:fly_one_cm":30923,"minecraft:inspect_dispenser":3},"minecraft:used":{"minecraft:crafting_table":3,"minecraft:stone_pickaxe":72,"alexsmobs:animal_dictionary":1,"minecraft:wooden_pickaxe":13,"minecraft:cooked_beef":2},"minecraft:crafted":{"minecraft:furnace":1,"minecraft:oak_planks":24,"minecraft:crafting_table":2,"minecraft:stick":4,"minecraft:stone_pickaxe":1,"minecraft:wooden_pickaxe":1},"minecraft:mined":{"minecraft:coal_ore":51,"minecraft:grass":1,"minecraft:oak_log":6,"minecraft:iron_ore":11,"minecraft:stone":21,"minecraft:crafting_table":1},"minecraft:picked_up":{"minecraft:raw_iron":11,"minecraft:stick":2,"minecraft:crafting_table":1,"minecraft:cooked_beef":5,"minecraft:red_wool":2,"mysticalagriculture:inferium_essence":2,"minecraft:oak_log":6,"minecraft:coal":51,"minecraft:cobblestone":20},"minecraft:dropped":{"mysticalagriculture:inferium_essence":2}},"DataVersion":3465}