{"stats":{"minecraft:custom":{"lootr:looted_stat":4,"minecraft:interact_with_furnace":6,"minecraft:mob_kills":15,"minecraft:interact_with_crafting_table":19,"minecraft:leave_game":2,"minecraft:time_since_death":22787,"minecraft:climb_one_cm":214,"minecraft:time_since_rest":22820,"minecraft:sprint_one_cm":208162,"minecraft:damage_taken":2466,"minecraft:walk_one_cm":234267,"minecraft:damage_blocked_by_shield":425,"minecraft:drop":4,"minecraft:damage_dealt":2937,"minecraft:swim_one_cm":31780,"minecraft:fly_one_cm":260418,"minecraft:crouch_one_cm":6838,"minecraft:play_time":120391,"minecraft:deaths":6,"minecraft:sneak_time":2545,"minecraft:walk_under_water_one_cm":17189,"minecraft:boat_one_cm":1880949,"minecraft:jump":1499,"minecraft:walk_on_water_one_cm":21572,"minecraft:total_world_time":120391,"minecraft:fall_one_cm":33639,"minecraft:inspect_dispenser":3},"minecraft:killed_by":{"minecraft:skeleton":2,"iceandfire:siren":2,"iceandfire:sea_serpent":1},"minecraft:used":{"minecraft:calcite":2,"minecraft:stone_sword":37,"minecraft:stone_pickaxe":151,"minecraft:wooden_pickaxe":13,"minecraft:shield":15,"minecraft:birch_boat":4,"minecraft:iron_sword":34,"minecraft:rotten_flesh":5,"minecraft:torch":4,"minecraft:dirt":5,"minecraft:crafting_table":10,"minecraft:dark_oak_planks":1,"minecraft:cyan_bed":1,"minecraft:bread":3,"minecraft:cobblestone":11,"minecraft:dark_oak_boat":5,"minecraft:furnace":1,"alexsmobs:animal_dictionary":1,"minecraft:oak_boat":1,"minecraft:cooked_beef":7},"minecraft:crafted":{"minecraft:oak_planks":44,"minecraft:crafting_table":6,"minecraft:dark_oak_boat":4,"minecraft:wooden_pickaxe":1,"minecraft:birch_boat":3,"minecraft:iron_sword":1,"minecraft:furnace":1,"minecraft:birch_planks":48,"minecraft:oak_boat":1,"minecraft:shield":2,"minecraft:stick":12,"minecraft:stone_pickaxe":2,"minecraft:stone_sword":1,"minecraft:dark_oak_planks":40,"minecraft:torch":4},"minecraft:mined":{"minecraft:dark_oak_planks":3,"minecraft:spruce_planks":4,"iceandfire:silver_ore":7,"minecraft:dark_oak_log":11,"minecraft:crafting_table":8,"minecraft:cave_vines_plant":1,"minecraft:grass_block":1,"minecraft:tall_grass":1,"minecraft:cyan_bed":2,"minecraft:sugar_cane":6,"minecraft:birch_log":12,"minecraft:iron_ore":32,"minecraft:grass":2,"minecraft:coal_ore":77,"minecraft:oak_log":11,"minecraft:cyan_carpet":2,"minecraft:dirt":2,"minecraft:stone":45,"minecraft:small_dripleaf":1},"minecraft:picked_up":{"minecraft:birch_log":12,"minecraft:crafting_table":8,"minecraft:cooked_beef":7,"minecraft:glow_ink_sac":1,"minecraft:dark_oak_boat":1,"minecraft:lead":1,"minecraft:oak_log":11,"minecraft:dirt":7,"minecraft:dark_oak_trapdoor":3,"minecraft:item_frame":2,"minecraft:bone":2,"minecraft:cyan_carpet":2,"minecraft:gray_carpet":3,"minecraft:kelp":2,"mysticalagriculture:inferium_essence":10,"minecraft:iron_ingot":3,"minecraft:dark_oak_sign":1,"minecraft:calcite":6,"minecraft:spruce_slab":1,"minecraft:sugar_cane":12,"minecraft:oak_planks":1,"minecraft:raw_iron":32,"minecraft:stick":2,"minecraft:birch_boat":1,"minecraft:red_wool":2,"minecraft:cyan_bed":1,"minecraft:dark_oak_log":10,"minecraft:dark_oak_planks":3,"minecraft:arrow":1,"minecraft:rotten_flesh":12,"minecraft:tropical_fish":1,"minecraft:glow_berries":1,"minecraft:coal":77,"iceandfire:raw_silver":7,"minecraft:cobblestone":43},"minecraft:dropped":{"minecraft:item_frame":1,"minecraft:shield":1,"mysticalagriculture:inferium_essence":2},"minecraft:killed":{"minecraft:husk":4,"minecraft:skeleton":3,"minecraft:zombie":7}},"DataVersion":3465}