{"stats":{"minecraft:custom":{"minecraft:interact_with_furnace":6,"minecraft:mob_kills":10,"minecraft:interact_with_crafting_table":13,"minecraft:leave_game":2,"minecraft:time_since_death":4845,"minecraft:climb_one_cm":214,"minecraft:time_since_rest":4879,"minecraft:sprint_one_cm":185864,"minecraft:damage_taken":1853,"minecraft:walk_one_cm":184303,"minecraft:damage_blocked_by_shield":425,"minecraft:drop":3,"minecraft:damage_dealt":1513,"minecraft:swim_one_cm":25310,"minecraft:fly_one_cm":220674,"minecraft:crouch_one_cm":5500,"minecraft:play_time":84391,"minecraft:deaths":5,"minecraft:sneak_time":1970,"minecraft:walk_under_water_one_cm":15833,"minecraft:boat_one_cm":1010929,"minecraft:jump":1267,"minecraft:walk_on_water_one_cm":20269,"minecraft:total_world_time":84391,"minecraft:fall_one_cm":27956,"minecraft:inspect_dispenser":3},"minecraft:killed_by":{"minecraft:skeleton":2,"iceandfire:siren":2,"iceandfire:sea_serpent":1},"minecraft:used":{"minecraft:stone_sword":37,"minecraft:stone_pickaxe":151,"minecraft:wooden_pickaxe":13,"minecraft:shield":15,"minecraft:birch_boat":2,"minecraft:rotten_flesh":5,"minecraft:torch":4,"minecraft:crafting_table":7,"minecraft:cobblestone":11,"minecraft:dark_oak_boat":4,"minecraft:furnace":1,"alexsmobs:animal_dictionary":1,"minecraft:oak_boat":1,"minecraft:cooked_beef":7},"minecraft:crafted":{"minecraft:oak_planks":44,"minecraft:crafting_table":5,"minecraft:dark_oak_boat":3,"minecraft:wooden_pickaxe":1,"minecraft:birch_boat":1,"minecraft:furnace":1,"minecraft:birch_planks":24,"minecraft:oak_boat":1,"minecraft:shield":2,"minecraft:stick":8,"minecraft:stone_pickaxe":2,"minecraft:stone_sword":1,"minecraft:dark_oak_planks":32,"minecraft:torch":4},"minecraft:mined":{"minecraft:spruce_planks":4,"iceandfire:silver_ore":7,"minecraft:dark_oak_log":9,"minecraft:crafting_table":6,"minecraft:cave_vines_plant":1,"minecraft:grass_block":1,"minecraft:tall_grass":1,"minecraft:birch_log":6,"minecraft:iron_ore":32,"minecraft:grass":1,"minecraft:coal_ore":77,"minecraft:oak_log":11,"minecraft:dirt":1,"minecraft:stone":45,"minecraft:small_dripleaf":1},"minecraft:picked_up":{"minecraft:birch_log":6,"minecraft:crafting_table":6,"minecraft:cooked_beef":7,"minecraft:dark_oak_boat":1,"minecraft:oak_log":11,"minecraft:dirt":2,"minecraft:bone":2,"mysticalagriculture:inferium_essence":4,"minecraft:iron_ingot":3,"minecraft:oak_planks":1,"minecraft:raw_iron":32,"minecraft:stick":2,"minecraft:birch_boat":1,"minecraft:red_wool":2,"minecraft:dark_oak_log":8,"minecraft:arrow":1,"minecraft:rotten_flesh":5,"minecraft:tropical_fish":1,"minecraft:glow_berries":1,"minecraft:coal":77,"iceandfire:raw_silver":7,"minecraft:cobblestone":43},"minecraft:dropped":{"minecraft:shield":1,"mysticalagriculture:inferium_essence":2},"minecraft:killed":{"minecraft:skeleton":3,"minecraft:zombie":6}},"DataVersion":3465}