{"stats":{"minecraft:custom":{"minecraft:jump":152,"minecraft:time_since_rest":12391,"minecraft:damage_dealt":35,"minecraft:crouch_one_cm":2487,"minecraft:leave_game":2,"minecraft:play_time":12391,"minecraft:sprint_one_cm":4959,"minecraft:damage_taken":163,"minecraft:time_since_death":12391,"minecraft:walk_one_cm":50817,"minecraft:sneak_time":384,"minecraft:total_world_time":12391,"minecraft:mob_kills":1,"minecraft:drop":2,"minecraft:fall_one_cm":2914,"minecraft:fly_one_cm":4372},"minecraft:used":{"alexsmobs:animal_dictionary":1},"minecraft:picked_up":{"mysticalagriculture:inferium_essence":2},"minecraft:dropped":{"mysticalagriculture:inferium_essence":2}},"DataVersion":3465}