{"stats":{"minecraft:custom":{"lootr:looted_stat":1,"minecraft:mob_kills":23,"minecraft:interact_with_crafting_table":12,"minecraft:open_barrel":19,"minecraft:leave_game":2,"minecraft:time_since_death":119168,"minecraft:climb_one_cm":3188,"minecraft:sprint_one_cm":189244,"minecraft:walk_one_cm":210456,"minecraft:damage_blocked_by_shield":350,"minecraft:drop":20,"minecraft:sneak_time":10855,"minecraft:play_time":121278,"minecraft:deaths":1,"minecraft:walk_under_water_one_cm":9085,"minecraft:boat_one_cm":230400,"minecraft:jump":1527,"minecraft:walk_on_water_one_cm":16099,"minecraft:total_world_time":121278,"minecraft:interact_with_furnace":27,"minecraft:time_since_rest":119196,"minecraft:damage_taken":1336,"minecraft:damage_dealt":3130,"minecraft:swim_one_cm":24549,"minecraft:fly_one_cm":209304,"minecraft:open_chest":1,"minecraft:crouch_one_cm":56200,"minecraft:fall_one_cm":38703,"minecraft:inspect_dispenser":1},"minecraft:broken":{"minecraft:stone_pickaxe":2,"minecraft:iron_pickaxe":2},"minecraft:used":{"minecraft:shield":12,"minecraft:cooked_salmon":1,"minecraft:torch":16,"minecraft:red_wool":2,"minecraft:furnace":4,"minecraft:cooked_beef":5,"minecraft:cooked_mutton":2,"minecraft:water_bucket":45,"minecraft:stone_pickaxe":263,"minecraft:wooden_pickaxe":6,"minecraft:birch_boat":2,"minecraft:glow_berries":30,"minecraft:sand":2,"minecraft:crafting_table":7,"minecraft:iron_pickaxe":713,"minecraft:stone_axe":66,"minecraft:cobblestone":145,"minecraft:cooked_porkchop":3,"minecraft:bucket":46,"minecraft:gray_wool":6},"minecraft:killed_by":{"minecraft:player":1},"minecraft:crafted":{"minecraft:oak_planks":40,"minecraft:birch_boat":1,"minecraft:furnace":1,"minecraft:stone_pickaxe":2,"minecraft:cooked_porkchop":3,"minecraft:crafting_table":1,"minecraft:wooden_pickaxe":1,"minecraft:cooked_salmon":14,"minecraft:bucket":1,"minecraft:birch_planks":20,"minecraft:stone_axe":1,"minecraft:air":0,"minecraft:shield":1,"minecraft:stick":20,"minecraft:iron_pickaxe":3,"minecraft:iron_ingot":23,"minecraft:torch":16},"minecraft:mined":{"mysticalagriculture:prosperity_ore":1,"minecraft:tuff":6,"iceandfire:silver_ore":3,"minecraft:cave_vines_plant":7,"minecraft:granite":65,"minecraft:grass_block":1,"create:ochrum":3,"minecraft:moss_block":20,"minecraft:sandstone":1,"mysticalagriculture:inferium_ore":5,"minecraft:spawner":1,"minecraft:smooth_stone":1,"minecraft:furnace":4,"minecraft:iron_ore":52,"minecraft:fire":1,"minecraft:andesite":47,"minecraft:deepslate_lapis_ore":5,"minecraft:cave_vines":3,"minecraft:deepslate_iron_ore":11,"minecraft:vine":1,"minecraft:stone":285,"create:limestone":1,"minecraft:deepslate_redstone_ore":17,"minecraft:spruce_door":1,"minecraft:crafting_table":7,"minecraft:clay":2,"iceandfire:ghost_chest":1,"botania:brown_mushroom":1,"minecraft:tall_grass":2,"minecraft:cobblestone":8,"minecraft:deepslate_gold_ore":12,"minecraft:diorite":23,"minecraft:wall_torch":1,"minecraft:big_dripleaf":1,"minecraft:gray_wool":7,"minecraft:coarse_dirt":1,"minecraft:birch_log":5,"minecraft:birch_leaves":1,"minecraft:grass":5,"botania:gray_mushroom":1,"minecraft:oak_log":10,"minecraft:coal_ore":45,"minecraft:dirt":13,"minecraft:gravel":4,"minecraft:sand":16,"mysticalagriculture:deepslate_prosperity_ore":3,"create:crimsite":25,"minecraft:gold_ore":2,"minecraft:oak_leaves":1,"minecraft:deepslate":309},"minecraft:picked_up":{"minecraft:crafting_table":7,"minecraft:clay_ball":4,"minecraft:lead":1,"mowziesmobs:glowing_jelly":3,"minecraft:string":2,"create:limestone":1,"mysticalagriculture:inferium_essence":14,"minecraft:cobbled_deepslate":192,"minecraft:player_head":1,"minecraft:furnace":4,"minecraft:raw_iron":63,"minecraft:sandstone":1,"minecraft:torch":2,"mysticalagriculture:prosperity_shard":14,"minecraft:porkchop":4,"minecraft:diorite":15,"minecraft:redstone":40,"minecraft:arrow":7,"minecraft:rotten_flesh":6,"minecraft:glow_berries":25,"minecraft:mutton":2,"minecraft:white_wool":2,"minecraft:cobblestone":241,"minecraft:birch_log":5,"minecraft:cooked_beef":6,"minecraft:andesite":45,"minecraft:oak_log":10,"minecraft:lapis_lazuli":32,"minecraft:dirt":6,"minecraft:cooked_mutton":2,"minecraft:bone":6,"minecraft:bow":1,"minecraft:raw_gold":14,"minecraft:spore_blossom":1,"minecraft:iron_ingot":1,"minecraft:moss_block":12,"minecraft:oak_planks":3,"minecraft:cooked_porkchop":1,"minecraft:birch_boat":1,"minecraft:red_wool":2,"minecraft:sand":14,"minecraft:spider_eye":1,"create:crimsite":50,"minecraft:slime_ball":2,"minecraft:granite":64,"minecraft:gray_wool":6,"minecraft:coal":110,"botania:brown_mushroom":1,"iceandfire:raw_silver":1},"minecraft:dropped":{"iceandfire:raw_silver":1,"minecraft:birch_planks":4,"minecraft:spore_blossom":1,"minecraft:cobblestone":3,"create:crimsite":25,"minecraft:dirt":6,"minecraft:diorite":15,"mysticalagriculture:prosperity_shard":14,"minecraft:sand":12,"minecraft:redstone":20,"minecraft:rotten_flesh":3,"minecraft:clay_ball":4,"botania:brown_mushroom":1,"mysticalagriculture:inferium_essence":14,"create:limestone":1,"minecraft:sandstone":1,"minecraft:wooden_pickaxe":1},"minecraft:killed":{"minecraft:spider":2,"minecraft:slime":3,"minecraft:skeleton":5,"minecraft:pig":2,"minecraft:sheep":2,"mowziesmobs:lantern":2,"alexsmobs:flutter":1,"minecraft:zombie":6}},"DataVersion":3465}