{"stats":{"minecraft:custom":{"minecraft:jump":180,"minecraft:damage_dealt":20,"minecraft:time_since_rest":23196,"minecraft:damage_taken":551,"minecraft:leave_game":2,"minecraft:play_time":25278,"minecraft:crouch_one_cm":260,"minecraft:time_since_death":23168,"minecraft:sprint_one_cm":15380,"minecraft:walk_one_cm":53506,"minecraft:deaths":1,"minecraft:sneak_time":105,"minecraft:total_world_time":25278,"minecraft:fall_one_cm":1957,"minecraft:fly_one_cm":18830},"minecraft:used":{"minecraft:cooked_beef":1},"minecraft:killed_by":{"minecraft:player":1},"minecraft:picked_up":{"minecraft:cooked_mutton":2,"minecraft:cooked_beef":1,"minecraft:arrow":2}},"DataVersion":3465}