{"stats":{"minecraft:custom":{"minecraft:jump":54,"minecraft:time_since_rest":5837,"minecraft:damage_dealt":10,"minecraft:crouch_one_cm":196,"minecraft:sprint_one_cm":6927,"minecraft:deaths":1,"minecraft:play_time":7919,"minecraft:damage_taken":345,"minecraft:time_since_death":5809,"minecraft:walk_one_cm":20267,"minecraft:sneak_time":43,"minecraft:total_world_time":7919,"minecraft:fall_one_cm":627,"minecraft:fly_one_cm":7803},"minecraft:killed_by":{"minecraft:player":1},"minecraft:picked_up":{"minecraft:arrow":2}},"DataVersion":3465}