{"stats":{"minecraft:custom":{"lootr:looted_stat":9,"minecraft:mob_kills":44,"minecraft:interact_with_crafting_table":18,"minecraft:open_barrel":19,"minecraft:leave_game":3,"minecraft:time_since_death":2081,"minecraft:climb_one_cm":3598,"minecraft:sprint_one_cm":304985,"minecraft:walk_one_cm":322878,"minecraft:damage_blocked_by_shield":655,"minecraft:drop":45,"minecraft:play_time":162974,"minecraft:deaths":11,"minecraft:sneak_time":11368,"minecraft:walk_under_water_one_cm":13249,"minecraft:boat_one_cm":581069,"minecraft:jump":2284,"minecraft:interact_with_blast_furnace":2,"minecraft:walk_on_water_one_cm":36358,"minecraft:total_world_time":162974,"minecraft:interact_with_furnace":27,"minecraft:time_since_rest":2113,"minecraft:damage_taken":4908,"minecraft:damage_dealt":9776,"minecraft:swim_one_cm":58412,"minecraft:fly_one_cm":335595,"minecraft:open_chest":1,"minecraft:crouch_one_cm":57257,"minecraft:fall_one_cm":61328,"minecraft:inspect_dispenser":1},"minecraft:broken":{"minecraft:stone_pickaxe":2,"minecraft:stone_axe":1,"minecraft:iron_pickaxe":2},"minecraft:used":{"minecraft:shield":19,"minecraft:iron_sword":162,"minecraft:cooked_salmon":10,"minecraft:torch":16,"minecraft:dark_oak_planks":7,"minecraft:red_wool":2,"minecraft:dark_oak_boat":1,"minecraft:furnace":4,"minecraft:egg":2,"minecraft:cooked_beef":5,"minecraft:cooked_mutton":2,"minecraft:dark_oak_stairs":4,"minecraft:water_bucket":45,"minecraft:dark_oak_sign":7,"minecraft:stone_pickaxe":263,"minecraft:wooden_pickaxe":6,"minecraft:birch_boat":2,"minecraft:glow_berries":30,"minecraft:sand":2,"minecraft:crafting_table":12,"minecraft:oak_log":1,"minecraft:cyan_bed":1,"minecraft:bread":3,"minecraft:iron_pickaxe":729,"minecraft:stone_axe":81,"minecraft:cobblestone":194,"minecraft:potion":1,"minecraft:cooked_porkchop":3,"minecraft:bucket":46,"minecraft:oak_boat":7,"minecraft:gray_wool":6},"minecraft:killed_by":{"minecraft:husk":7,"minecraft:player":1,"cataclysm:deepling_angler":1,"iceandfire:sea_serpent":2},"minecraft:crafted":{"minecraft:oak_planks":72,"minecraft:dark_oak_boat":1,"minecraft:birch_boat":1,"minecraft:furnace":1,"minecraft:stone_pickaxe":2,"minecraft:dark_oak_planks":16,"minecraft:cooked_porkchop":3,"minecraft:crafting_table":5,"minecraft:wooden_pickaxe":1,"minecraft:iron_sword":1,"minecraft:cooked_salmon":14,"minecraft:bucket":1,"minecraft:birch_planks":20,"minecraft:stone_axe":1,"minecraft:air":0,"minecraft:oak_boat":3,"minecraft:iron_chestplate":1,"minecraft:shield":1,"minecraft:stick":20,"minecraft:iron_pickaxe":3,"minecraft:iron_ingot":23,"minecraft:torch":16},"minecraft:mined":{"mysticalagriculture:prosperity_ore":1,"minecraft:tuff":6,"iceandfire:silver_ore":3,"minecraft:dark_oak_leaves":2,"minecraft:dark_oak_log":4,"minecraft:cave_vines_plant":7,"minecraft:granite":65,"minecraft:grass_block":1,"create:ochrum":3,"minecraft:moss_block":20,"minecraft:sandstone":1,"mysticalagriculture:inferium_ore":5,"minecraft:spawner":3,"minecraft:smooth_stone":1,"minecraft:furnace":4,"minecraft:iron_ore":52,"minecraft:fire":1,"minecraft:andesite":47,"minecraft:deepslate_lapis_ore":5,"minecraft:dark_oak_stairs":1,"minecraft:cave_vines":3,"minecraft:deepslate_iron_ore":11,"minecraft:vine":1,"minecraft:stone":285,"minecraft:player_head":1,"create:limestone":1,"minecraft:deepslate_redstone_ore":17,"minecraft:red_banner":1,"minecraft:spruce_door":1,"minecraft:clay":2,"minecraft:crafting_table":7,"minecraft:blast_furnace":1,"iceandfire:ghost_chest":2,"botania:brown_mushroom":1,"minecraft:tall_grass":2,"minecraft:cobblestone":14,"minecraft:cyan_bed":3,"minecraft:deepslate_gold_ore":12,"minecraft:diorite":24,"minecraft:light_blue_banner":1,"minecraft:wall_torch":1,"minecraft:big_dripleaf":1,"minecraft:gray_wool":7,"minecraft:coarse_dirt":1,"minecraft:birch_log":5,"minecraft:birch_leaves":1,"minecraft:grass":13,"botania:gray_mushroom":1,"minecraft:oak_log":15,"minecraft:coal_ore":45,"minecraft:gravel":4,"minecraft:sand":16,"minecraft:dirt":13,"minecraft:gray_carpet":3,"mysticalagriculture:deepslate_prosperity_ore":3,"minecraft:cracked_stone_bricks":1,"minecraft:stone_bricks":3,"minecraft:gold_ore":2,"create:crimsite":25,"minecraft:oak_leaves":2,"minecraft:deepslate":309},"minecraft:picked_up":{"minecraft:crafting_table":7,"minecraft:clay_ball":4,"minecraft:ladder":1,"minecraft:flower_pot":2,"minecraft:lead":1,"mowziesmobs:glowing_jelly":3,"minecraft:potion":1,"minecraft:string":4,"create:limestone":1,"mysticalagriculture:inferium_essence":31,"minecraft:cobbled_deepslate":192,"minecraft:oak_boat":4,"minecraft:player_head":2,"minecraft:egg":2,"minecraft:furnace":4,"minecraft:stick":1,"minecraft:raw_iron":63,"minecraft:sandstone":1,"minecraft:torch":2,"mysticalagriculture:prosperity_shard":14,"minecraft:porkchop":4,"minecraft:diorite":16,"minecraft:redstone":41,"minecraft:rotten_flesh":57,"minecraft:arrow":12,"minecraft:glow_berries":25,"minecraft:mutton":2,"minecraft:white_wool":4,"minecraft:cobblestone":248,"minecraft:birch_log":5,"minecraft:cooked_beef":6,"minecraft:andesite":45,"minecraft:oak_log":19,"minecraft:gunpowder":8,"minecraft:lapis_lazuli":32,"minecraft:dirt":6,"minecraft:cooked_mutton":2,"minecraft:bone":14,"minecraft:light_blue_banner":1,"minecraft:bow":1,"minecraft:wheat_seeds":1,"minecraft:raw_gold":14,"minecraft:spore_blossom":1,"minecraft:iron_ingot":1,"minecraft:dark_oak_sign":7,"minecraft:moss_block":12,"minecraft:dark_oak_stairs":5,"minecraft:oak_planks":3,"minecraft:cooked_porkchop":1,"minecraft:birch_boat":1,"minecraft:red_wool":2,"minecraft:sand":14,"minecraft:blast_furnace":1,"minecraft:cyan_bed":3,"minecraft:dark_oak_log":4,"minecraft:spider_eye":1,"create:crimsite":50,"minecraft:slime_ball":2,"minecraft:granite":64,"minecraft:gray_wool":6,"minecraft:bread":8,"minecraft:coal":110,"botania:brown_mushroom":1,"iceandfire:raw_silver":1},"minecraft:dropped":{"minecraft:bread":5,"iceandfire:raw_silver":1,"minecraft:dark_oak_stairs":1,"minecraft:birch_planks":4,"minecraft:wheat_seeds":1,"minecraft:glass_bottle":1,"minecraft:spore_blossom":1,"minecraft:cobblestone":3,"create:crimsite":25,"minecraft:stick":1,"minecraft:dirt":6,"minecraft:diorite":16,"mysticalagriculture:prosperity_shard":14,"minecraft:sand":12,"minecraft:redstone":20,"minecraft:player_head":1,"minecraft:rotten_flesh":45,"minecraft:clay_ball":4,"minecraft:oak_planks":7,"botania:brown_mushroom":1,"minecraft:flower_pot":2,"minecraft:gunpowder":6,"mysticalagriculture:inferium_essence":24,"minecraft:ladder":1,"create:limestone":1,"minecraft:sandstone":1,"minecraft:wooden_pickaxe":1},"minecraft:killed":{"minecraft:spider":2,"minecraft:slime":3,"minecraft:skeleton":9,"minecraft:husk":14,"minecraft:pig":2,"minecraft:sheep":4,"mowziesmobs:lantern":2,"alexsmobs:flutter":1,"minecraft:zombie":7}},"DataVersion":3465}