{"stats":{"minecraft:custom":{"lootr:looted_stat":1,"minecraft:interact_with_furnace":13,"minecraft:mob_kills":13,"minecraft:interact_with_crafting_table":9,"minecraft:leave_game":2,"minecraft:time_since_death":95168,"minecraft:climb_one_cm":3188,"minecraft:time_since_rest":95196,"minecraft:sprint_one_cm":122145,"minecraft:damage_taken":1176,"minecraft:walk_one_cm":186945,"minecraft:damage_blocked_by_shield":350,"minecraft:drop":12,"minecraft:damage_dealt":1882,"minecraft:swim_one_cm":16993,"minecraft:fly_one_cm":125792,"minecraft:open_chest":1,"minecraft:crouch_one_cm":55994,"minecraft:play_time":97278,"minecraft:deaths":1,"minecraft:sneak_time":10780,"minecraft:walk_under_water_one_cm":7357,"minecraft:jump":1060,"minecraft:walk_on_water_one_cm":14487,"minecraft:total_world_time":97278,"minecraft:fall_one_cm":25203,"minecraft:inspect_dispenser":1},"minecraft:killed_by":{"minecraft:player":1},"minecraft:used":{"minecraft:cooked_mutton":2,"minecraft:water_bucket":45,"minecraft:stone_pickaxe":263,"minecraft:shield":12,"minecraft:wooden_pickaxe":6,"minecraft:torch":15,"minecraft:glow_berries":30,"minecraft:crafting_table":7,"minecraft:red_wool":2,"minecraft:iron_pickaxe":627,"minecraft:stone_axe":44,"minecraft:cobblestone":67,"minecraft:furnace":2,"minecraft:bucket":46,"minecraft:gray_wool":5,"minecraft:cooked_beef":5},"minecraft:broken":{"minecraft:stone_pickaxe":2,"minecraft:iron_pickaxe":2},"minecraft:crafted":{"minecraft:oak_planks":40,"minecraft:crafting_table":1,"minecraft:wooden_pickaxe":1,"minecraft:furnace":1,"minecraft:bucket":1,"minecraft:birch_planks":20,"minecraft:stone_axe":1,"minecraft:air":0,"minecraft:shield":1,"minecraft:stick":20,"minecraft:iron_ingot":23,"minecraft:iron_pickaxe":3,"minecraft:stone_pickaxe":2,"minecraft:torch":16},"minecraft:mined":{"minecraft:deepslate_redstone_ore":17,"mysticalagriculture:prosperity_ore":1,"minecraft:tuff":6,"iceandfire:silver_ore":3,"minecraft:clay":2,"minecraft:crafting_table":7,"minecraft:cave_vines_plant":7,"minecraft:granite":64,"minecraft:grass_block":1,"create:ochrum":3,"minecraft:cobblestone":6,"botania:brown_mushroom":1,"minecraft:tall_grass":2,"minecraft:deepslate_gold_ore":12,"minecraft:moss_block":20,"minecraft:diorite":14,"minecraft:sandstone":1,"mysticalagriculture:inferium_ore":5,"minecraft:wall_torch":1,"minecraft:big_dripleaf":1,"minecraft:gray_wool":7,"minecraft:furnace":2,"minecraft:birch_log":5,"minecraft:iron_ore":52,"minecraft:fire":1,"minecraft:birch_leaves":1,"minecraft:andesite":41,"minecraft:deepslate_lapis_ore":5,"minecraft:grass":5,"botania:gray_mushroom":1,"minecraft:deepslate_iron_ore":11,"minecraft:coal_ore":45,"minecraft:oak_log":10,"minecraft:cave_vines":3,"minecraft:gravel":1,"minecraft:dirt":13,"mysticalagriculture:deepslate_prosperity_ore":3,"minecraft:stone":221,"minecraft:gold_ore":2,"minecraft:oak_leaves":1,"create:crimsite":25,"create:limestone":1,"minecraft:deepslate":309},"minecraft:picked_up":{"minecraft:birch_log":5,"minecraft:crafting_table":7,"minecraft:cooked_beef":6,"minecraft:clay_ball":4,"minecraft:andesite":39,"minecraft:oak_log":10,"minecraft:lapis_lazuli":32,"minecraft:dirt":6,"minecraft:string":2,"create:limestone":1,"minecraft:cooked_mutton":2,"minecraft:bone":2,"minecraft:bow":1,"mysticalagriculture:inferium_essence":14,"minecraft:cobbled_deepslate":192,"minecraft:raw_gold":14,"minecraft:spore_blossom":1,"minecraft:iron_ingot":1,"minecraft:moss_block":12,"minecraft:furnace":2,"minecraft:raw_iron":63,"minecraft:sandstone":1,"minecraft:red_wool":2,"minecraft:torch":2,"mysticalagriculture:prosperity_shard":14,"minecraft:diorite":15,"minecraft:redstone":20,"minecraft:spider_eye":1,"minecraft:arrow":7,"create:crimsite":25,"minecraft:slime_ball":2,"minecraft:granite":64,"minecraft:gray_wool":6,"minecraft:glow_berries":25,"botania:brown_mushroom":1,"minecraft:coal":75,"iceandfire:raw_silver":1,"minecraft:cobblestone":175},"minecraft:dropped":{"iceandfire:raw_silver":1,"minecraft:spore_blossom":1,"minecraft:cobblestone":3,"minecraft:clay_ball":4,"botania:brown_mushroom":1,"minecraft:dirt":6,"minecraft:diorite":15,"create:limestone":1,"minecraft:sandstone":1},"minecraft:killed":{"minecraft:spider":2,"minecraft:slime":3,"minecraft:skeleton":5,"alexsmobs:flutter":1,"minecraft:zombie":2}},"DataVersion":3465}