{"stats":{"minecraft:custom":{"lootr:looted_stat":4,"minecraft:mob_kills":39,"minecraft:interact_with_crafting_table":15,"minecraft:open_barrel":19,"minecraft:leave_game":3,"minecraft:time_since_death":1541,"minecraft:climb_one_cm":3395,"minecraft:sprint_one_cm":224984,"minecraft:walk_one_cm":240762,"minecraft:damage_blocked_by_shield":655,"minecraft:drop":26,"minecraft:play_time":132974,"minecraft:deaths":3,"minecraft:sneak_time":11241,"minecraft:walk_under_water_one_cm":9200,"minecraft:boat_one_cm":240345,"minecraft:jump":1665,"minecraft:interact_with_blast_furnace":1,"minecraft:walk_on_water_one_cm":16949,"minecraft:total_world_time":132974,"minecraft:interact_with_furnace":27,"minecraft:time_since_rest":1568,"minecraft:damage_taken":2120,"minecraft:damage_dealt":8039,"minecraft:swim_one_cm":29143,"minecraft:fly_one_cm":221828,"minecraft:open_chest":1,"minecraft:crouch_one_cm":56356,"minecraft:fall_one_cm":41664,"minecraft:inspect_dispenser":1},"minecraft:broken":{"minecraft:stone_pickaxe":2,"minecraft:stone_axe":1,"minecraft:iron_pickaxe":2},"minecraft:used":{"minecraft:shield":19,"minecraft:iron_sword":122,"minecraft:cooked_salmon":6,"minecraft:torch":16,"minecraft:red_wool":2,"minecraft:dark_oak_boat":1,"minecraft:furnace":4,"minecraft:cooked_beef":5,"minecraft:cooked_mutton":2,"minecraft:water_bucket":45,"minecraft:stone_pickaxe":263,"minecraft:wooden_pickaxe":6,"minecraft:birch_boat":2,"minecraft:glow_berries":30,"minecraft:sand":2,"minecraft:crafting_table":9,"minecraft:iron_pickaxe":725,"minecraft:stone_axe":81,"minecraft:cobblestone":193,"minecraft:cooked_porkchop":3,"minecraft:bucket":46,"minecraft:gray_wool":6},"minecraft:killed_by":{"minecraft:husk":2,"minecraft:player":1},"minecraft:crafted":{"minecraft:oak_planks":40,"minecraft:dark_oak_boat":1,"minecraft:birch_boat":1,"minecraft:furnace":1,"minecraft:stone_pickaxe":2,"minecraft:dark_oak_planks":16,"minecraft:cooked_porkchop":3,"minecraft:crafting_table":2,"minecraft:wooden_pickaxe":1,"minecraft:iron_sword":1,"minecraft:cooked_salmon":14,"minecraft:bucket":1,"minecraft:birch_planks":20,"minecraft:stone_axe":1,"minecraft:air":0,"minecraft:iron_chestplate":1,"minecraft:shield":1,"minecraft:stick":20,"minecraft:iron_pickaxe":3,"minecraft:iron_ingot":23,"minecraft:torch":16},"minecraft:mined":{"mysticalagriculture:prosperity_ore":1,"minecraft:tuff":6,"iceandfire:silver_ore":3,"minecraft:dark_oak_log":4,"minecraft:cave_vines_plant":7,"minecraft:granite":65,"minecraft:grass_block":1,"create:ochrum":3,"minecraft:moss_block":20,"minecraft:sandstone":1,"mysticalagriculture:inferium_ore":5,"minecraft:spawner":2,"minecraft:smooth_stone":1,"minecraft:furnace":4,"minecraft:iron_ore":52,"minecraft:fire":1,"minecraft:andesite":47,"minecraft:deepslate_lapis_ore":5,"minecraft:dark_oak_stairs":1,"minecraft:cave_vines":3,"minecraft:deepslate_iron_ore":11,"minecraft:vine":1,"minecraft:stone":285,"create:limestone":1,"minecraft:deepslate_redstone_ore":17,"minecraft:spruce_door":1,"minecraft:clay":2,"minecraft:crafting_table":7,"minecraft:blast_furnace":1,"iceandfire:ghost_chest":2,"botania:brown_mushroom":1,"minecraft:tall_grass":2,"minecraft:cobblestone":13,"minecraft:deepslate_gold_ore":12,"minecraft:diorite":24,"minecraft:wall_torch":1,"minecraft:big_dripleaf":1,"minecraft:gray_wool":7,"minecraft:coarse_dirt":1,"minecraft:birch_log":5,"minecraft:birch_leaves":1,"minecraft:grass":5,"botania:gray_mushroom":1,"minecraft:oak_log":10,"minecraft:coal_ore":45,"minecraft:gravel":4,"minecraft:sand":16,"minecraft:dirt":13,"minecraft:gray_carpet":3,"mysticalagriculture:deepslate_prosperity_ore":3,"minecraft:cracked_stone_bricks":1,"minecraft:stone_bricks":3,"minecraft:gold_ore":2,"create:crimsite":25,"minecraft:oak_leaves":1,"minecraft:deepslate":309},"minecraft:picked_up":{"minecraft:crafting_table":7,"minecraft:clay_ball":4,"minecraft:ladder":1,"minecraft:flower_pot":2,"minecraft:lead":1,"mowziesmobs:glowing_jelly":3,"minecraft:string":2,"create:limestone":1,"mysticalagriculture:inferium_essence":15,"minecraft:cobbled_deepslate":192,"minecraft:player_head":1,"minecraft:furnace":4,"minecraft:stick":1,"minecraft:raw_iron":63,"minecraft:sandstone":1,"minecraft:torch":2,"mysticalagriculture:prosperity_shard":14,"minecraft:porkchop":4,"minecraft:diorite":16,"minecraft:redstone":40,"minecraft:rotten_flesh":6,"minecraft:arrow":12,"minecraft:glow_berries":25,"minecraft:mutton":2,"minecraft:white_wool":2,"minecraft:cobblestone":246,"minecraft:birch_log":5,"minecraft:cooked_beef":6,"minecraft:andesite":45,"minecraft:oak_log":10,"minecraft:lapis_lazuli":32,"minecraft:dirt":6,"minecraft:cooked_mutton":2,"minecraft:bone":14,"minecraft:bow":1,"minecraft:raw_gold":14,"minecraft:spore_blossom":1,"minecraft:iron_ingot":1,"minecraft:moss_block":12,"minecraft:dark_oak_stairs":5,"minecraft:oak_planks":3,"minecraft:cooked_porkchop":1,"minecraft:birch_boat":1,"minecraft:red_wool":2,"minecraft:sand":14,"minecraft:blast_furnace":1,"minecraft:dark_oak_log":4,"minecraft:spider_eye":1,"create:crimsite":50,"minecraft:slime_ball":2,"minecraft:granite":64,"minecraft:gray_wool":6,"minecraft:coal":110,"botania:brown_mushroom":1,"iceandfire:raw_silver":1},"minecraft:dropped":{"iceandfire:raw_silver":1,"minecraft:dark_oak_stairs":1,"minecraft:birch_planks":4,"minecraft:spore_blossom":1,"minecraft:cobblestone":3,"create:crimsite":25,"minecraft:stick":1,"minecraft:dirt":6,"minecraft:diorite":16,"mysticalagriculture:prosperity_shard":14,"minecraft:sand":12,"minecraft:redstone":20,"minecraft:rotten_flesh":3,"minecraft:clay_ball":4,"botania:brown_mushroom":1,"minecraft:flower_pot":2,"mysticalagriculture:inferium_essence":15,"minecraft:ladder":1,"create:limestone":1,"minecraft:sandstone":1,"minecraft:wooden_pickaxe":1},"minecraft:killed":{"minecraft:spider":2,"minecraft:slime":3,"minecraft:skeleton":9,"minecraft:husk":11,"minecraft:pig":2,"minecraft:sheep":2,"mowziesmobs:lantern":2,"alexsmobs:flutter":1,"minecraft:zombie":7}},"DataVersion":3465}