{"stats":{"minecraft:custom":{"minecraft:time_since_rest":35196,"minecraft:sprint_one_cm":44965,"minecraft:damage_taken":596,"minecraft:walk_one_cm":70344,"minecraft:damage_dealt":20,"minecraft:interact_with_crafting_table":3,"minecraft:swim_one_cm":4081,"minecraft:fly_one_cm":50841,"minecraft:crouch_one_cm":720,"minecraft:play_time":37278,"minecraft:deaths":1,"minecraft:sneak_time":221,"minecraft:walk_under_water_one_cm":270,"minecraft:jump":344,"minecraft:leave_game":2,"minecraft:time_since_death":35168,"minecraft:walk_on_water_one_cm":88,"minecraft:total_world_time":37278,"minecraft:fall_one_cm":6660,"minecraft:inspect_dispenser":1},"minecraft:killed_by":{"minecraft:player":1},"minecraft:used":{"minecraft:cooked_mutton":2,"minecraft:red_wool":2,"minecraft:stone_pickaxe":42,"minecraft:wooden_pickaxe":6,"minecraft:stone_axe":1,"minecraft:crafting_table":3,"minecraft:cooked_beef":1},"minecraft:crafted":{"minecraft:oak_planks":40,"minecraft:crafting_table":1,"minecraft:stick":16,"minecraft:wooden_pickaxe":1,"minecraft:stone_pickaxe":1,"minecraft:torch":4,"minecraft:birch_planks":20,"minecraft:stone_axe":1},"minecraft:mined":{"minecraft:birch_log":5,"minecraft:birch_leaves":1,"minecraft:crafting_table":3,"minecraft:oak_log":10,"minecraft:coal_ore":32,"minecraft:stone":15,"minecraft:oak_leaves":1},"minecraft:picked_up":{"minecraft:birch_log":5,"minecraft:crafting_table":3,"minecraft:cooked_beef":6,"minecraft:red_wool":2,"minecraft:oak_log":10,"minecraft:cooked_mutton":2,"minecraft:arrow":2,"minecraft:coal":32,"minecraft:cobblestone":15}},"DataVersion":3465}