{"stats":{"minecraft:custom":{"minecraft:interact_with_furnace":13,"minecraft:mob_kills":12,"minecraft:interact_with_crafting_table":8,"minecraft:leave_game":2,"minecraft:time_since_death":71168,"minecraft:climb_one_cm":1589,"minecraft:time_since_rest":71196,"minecraft:sprint_one_cm":111924,"minecraft:damage_taken":1056,"minecraft:walk_one_cm":157553,"minecraft:damage_blocked_by_shield":350,"minecraft:drop":5,"minecraft:damage_dealt":1722,"minecraft:swim_one_cm":16993,"minecraft:fly_one_cm":118713,"minecraft:crouch_one_cm":13400,"minecraft:play_time":73278,"minecraft:deaths":1,"minecraft:sneak_time":2943,"minecraft:walk_under_water_one_cm":1763,"minecraft:jump":825,"minecraft:walk_on_water_one_cm":13676,"minecraft:total_world_time":73278,"minecraft:fall_one_cm":17923,"minecraft:inspect_dispenser":1},"minecraft:killed_by":{"minecraft:player":1},"minecraft:used":{"minecraft:cooked_mutton":2,"minecraft:water_bucket":31,"minecraft:stone_pickaxe":263,"minecraft:shield":12,"minecraft:wooden_pickaxe":6,"minecraft:torch":11,"minecraft:glow_berries":26,"minecraft:crafting_table":6,"minecraft:red_wool":2,"minecraft:iron_pickaxe":277,"minecraft:stone_axe":41,"minecraft:cobblestone":43,"minecraft:furnace":2,"minecraft:bucket":32,"minecraft:cooked_beef":5},"minecraft:broken":{"minecraft:stone_pickaxe":2,"minecraft:iron_pickaxe":1},"minecraft:crafted":{"minecraft:oak_planks":40,"minecraft:crafting_table":1,"minecraft:wooden_pickaxe":1,"minecraft:furnace":1,"minecraft:bucket":1,"minecraft:birch_planks":20,"minecraft:stone_axe":1,"minecraft:air":0,"minecraft:shield":1,"minecraft:stick":16,"minecraft:iron_ingot":23,"minecraft:iron_pickaxe":2,"minecraft:stone_pickaxe":2,"minecraft:torch":16},"minecraft:mined":{"minecraft:deepslate_redstone_ore":17,"mysticalagriculture:prosperity_ore":1,"minecraft:tuff":1,"iceandfire:silver_ore":1,"minecraft:clay":2,"minecraft:crafting_table":6,"minecraft:cave_vines_plant":7,"minecraft:granite":21,"minecraft:grass_block":1,"create:ochrum":3,"minecraft:cobblestone":5,"botania:brown_mushroom":1,"minecraft:tall_grass":2,"minecraft:deepslate_gold_ore":4,"minecraft:moss_block":20,"minecraft:sandstone":1,"mysticalagriculture:inferium_ore":5,"minecraft:wall_torch":1,"minecraft:big_dripleaf":1,"minecraft:furnace":2,"minecraft:birch_log":5,"minecraft:iron_ore":19,"minecraft:fire":1,"minecraft:birch_leaves":1,"minecraft:andesite":24,"minecraft:deepslate_lapis_ore":5,"minecraft:grass":5,"botania:gray_mushroom":1,"minecraft:deepslate_iron_ore":6,"minecraft:coal_ore":33,"minecraft:oak_log":10,"minecraft:cave_vines":3,"minecraft:gravel":1,"minecraft:dirt":5,"mysticalagriculture:deepslate_prosperity_ore":3,"minecraft:stone":122,"minecraft:gold_ore":2,"minecraft:oak_leaves":1,"create:crimsite":25,"create:limestone":1,"minecraft:deepslate":209},"minecraft:picked_up":{"minecraft:birch_log":5,"minecraft:crafting_table":6,"minecraft:cooked_beef":6,"minecraft:clay_ball":4,"minecraft:andesite":22,"minecraft:oak_log":10,"minecraft:lapis_lazuli":32,"minecraft:dirt":6,"minecraft:string":2,"create:limestone":1,"minecraft:cooked_mutton":2,"minecraft:bone":2,"minecraft:bow":1,"mysticalagriculture:inferium_essence":14,"minecraft:cobbled_deepslate":174,"minecraft:raw_gold":6,"minecraft:spore_blossom":1,"minecraft:iron_ingot":1,"minecraft:moss_block":12,"minecraft:furnace":2,"minecraft:raw_iron":25,"minecraft:sandstone":1,"minecraft:red_wool":2,"minecraft:torch":2,"mysticalagriculture:prosperity_shard":14,"minecraft:redstone":20,"minecraft:spider_eye":1,"minecraft:arrow":7,"create:crimsite":25,"minecraft:slime_ball":2,"minecraft:granite":21,"minecraft:glow_berries":23,"botania:brown_mushroom":1,"minecraft:coal":63,"iceandfire:raw_silver":1,"minecraft:cobblestone":123},"minecraft:dropped":{"iceandfire:raw_silver":1,"minecraft:spore_blossom":1,"minecraft:cobblestone":3,"minecraft:clay_ball":4,"create:limestone":1},"minecraft:killed":{"minecraft:spider":1,"minecraft:slime":3,"minecraft:skeleton":5,"alexsmobs:flutter":1,"minecraft:zombie":2}},"DataVersion":3465}