{"stats":{"minecraft:custom":{"minecraft:interact_with_furnace":6,"minecraft:mob_kills":11,"minecraft:interact_with_crafting_table":7,"minecraft:leave_game":2,"minecraft:time_since_death":59168,"minecraft:climb_one_cm":1589,"minecraft:time_since_rest":59196,"minecraft:sprint_one_cm":111924,"minecraft:damage_taken":1046,"minecraft:walk_one_cm":106959,"minecraft:damage_blocked_by_shield":300,"minecraft:drop":3,"minecraft:damage_dealt":1522,"minecraft:swim_one_cm":16993,"minecraft:fly_one_cm":118633,"minecraft:crouch_one_cm":3852,"minecraft:play_time":61278,"minecraft:deaths":1,"minecraft:sneak_time":1481,"minecraft:walk_under_water_one_cm":1609,"minecraft:jump":780,"minecraft:walk_on_water_one_cm":6789,"minecraft:total_world_time":61278,"minecraft:fall_one_cm":17588,"minecraft:inspect_dispenser":1},"minecraft:killed_by":{"minecraft:player":1},"minecraft:used":{"minecraft:cooked_mutton":2,"minecraft:water_bucket":5,"minecraft:stone_pickaxe":204,"minecraft:shield":10,"minecraft:wooden_pickaxe":6,"minecraft:torch":8,"minecraft:glow_berries":26,"minecraft:crafting_table":5,"minecraft:red_wool":2,"minecraft:iron_pickaxe":160,"minecraft:stone_axe":37,"minecraft:cobblestone":43,"minecraft:furnace":1,"minecraft:bucket":6,"minecraft:cooked_beef":5},"minecraft:broken":{"minecraft:stone_pickaxe":1},"minecraft:crafted":{"minecraft:oak_planks":40,"minecraft:crafting_table":1,"minecraft:wooden_pickaxe":1,"minecraft:furnace":1,"minecraft:bucket":1,"minecraft:birch_planks":20,"minecraft:stone_axe":1,"minecraft:air":0,"minecraft:shield":1,"minecraft:stick":16,"minecraft:iron_ingot":7,"minecraft:iron_pickaxe":1,"minecraft:stone_pickaxe":2,"minecraft:torch":16},"minecraft:mined":{"minecraft:deepslate_redstone_ore":7,"mysticalagriculture:prosperity_ore":1,"minecraft:tuff":1,"iceandfire:silver_ore":1,"minecraft:clay":2,"minecraft:crafting_table":5,"minecraft:cave_vines_plant":7,"minecraft:granite":21,"minecraft:grass_block":1,"create:ochrum":3,"minecraft:cobblestone":5,"botania:brown_mushroom":1,"minecraft:tall_grass":2,"minecraft:deepslate_gold_ore":4,"minecraft:moss_block":20,"minecraft:sandstone":1,"mysticalagriculture:inferium_ore":5,"minecraft:wall_torch":1,"minecraft:big_dripleaf":1,"minecraft:furnace":1,"minecraft:birch_log":5,"minecraft:iron_ore":19,"minecraft:fire":1,"minecraft:birch_leaves":1,"minecraft:andesite":24,"minecraft:grass":5,"botania:gray_mushroom":1,"minecraft:deepslate_iron_ore":5,"minecraft:coal_ore":33,"minecraft:oak_log":10,"minecraft:cave_vines":3,"minecraft:dirt":5,"minecraft:stone":122,"minecraft:gold_ore":2,"minecraft:oak_leaves":1,"create:crimsite":25,"create:limestone":1,"minecraft:deepslate":54},"minecraft:picked_up":{"minecraft:birch_log":5,"minecraft:crafting_table":5,"minecraft:cooked_beef":6,"minecraft:clay_ball":4,"minecraft:andesite":22,"minecraft:oak_log":10,"minecraft:dirt":6,"minecraft:string":2,"create:limestone":1,"minecraft:cooked_mutton":2,"minecraft:bone":2,"minecraft:bow":1,"mysticalagriculture:inferium_essence":13,"minecraft:cobbled_deepslate":54,"minecraft:raw_gold":6,"minecraft:spore_blossom":1,"minecraft:iron_ingot":1,"minecraft:moss_block":12,"minecraft:furnace":1,"minecraft:raw_iron":24,"minecraft:sandstone":1,"minecraft:red_wool":2,"minecraft:torch":2,"mysticalagriculture:prosperity_shard":4,"minecraft:spider_eye":1,"minecraft:arrow":5,"create:crimsite":25,"minecraft:slime_ball":2,"minecraft:granite":21,"minecraft:glow_berries":23,"botania:brown_mushroom":1,"minecraft:coal":63,"iceandfire:raw_silver":1,"minecraft:cobblestone":123},"minecraft:dropped":{"minecraft:spore_blossom":1,"minecraft:cobblestone":3,"minecraft:clay_ball":4},"minecraft:killed":{"minecraft:spider":1,"minecraft:slime":3,"minecraft:skeleton":4,"alexsmobs:flutter":1,"minecraft:zombie":2}},"DataVersion":3465}