{"stats":{"minecraft:custom":{"minecraft:interact_with_furnace":6,"minecraft:mob_kills":2,"minecraft:interact_with_crafting_table":7,"minecraft:leave_game":2,"minecraft:time_since_death":47168,"minecraft:time_since_rest":47196,"minecraft:sprint_one_cm":79972,"minecraft:damage_taken":791,"minecraft:walk_one_cm":80261,"minecraft:damage_blocked_by_shield":125,"minecraft:damage_dealt":381,"minecraft:swim_one_cm":11948,"minecraft:fly_one_cm":91596,"minecraft:crouch_one_cm":2682,"minecraft:play_time":49278,"minecraft:deaths":1,"minecraft:sneak_time":1168,"minecraft:walk_under_water_one_cm":1254,"minecraft:jump":554,"minecraft:walk_on_water_one_cm":959,"minecraft:total_world_time":49278,"minecraft:fall_one_cm":11757,"minecraft:inspect_dispenser":1},"minecraft:killed_by":{"minecraft:player":1},"minecraft:used":{"minecraft:cooked_mutton":2,"minecraft:stone_pickaxe":204,"minecraft:shield":4,"minecraft:wooden_pickaxe":6,"minecraft:torch":3,"minecraft:crafting_table":5,"minecraft:red_wool":2,"minecraft:iron_pickaxe":29,"minecraft:stone_axe":12,"minecraft:cobblestone":9,"minecraft:furnace":1,"minecraft:cooked_beef":5},"minecraft:broken":{"minecraft:stone_pickaxe":1},"minecraft:crafted":{"minecraft:oak_planks":40,"minecraft:crafting_table":1,"minecraft:wooden_pickaxe":1,"minecraft:furnace":1,"minecraft:bucket":1,"minecraft:birch_planks":20,"minecraft:stone_axe":1,"minecraft:air":0,"minecraft:shield":1,"minecraft:stick":16,"minecraft:iron_ingot":7,"minecraft:iron_pickaxe":1,"minecraft:stone_pickaxe":2,"minecraft:torch":16},"minecraft:mined":{"mysticalagriculture:prosperity_ore":1,"iceandfire:silver_ore":1,"minecraft:crafting_table":5,"minecraft:granite":21,"minecraft:grass_block":1,"botania:brown_mushroom":1,"minecraft:tall_grass":1,"minecraft:moss_block":15,"minecraft:sandstone":1,"mysticalagriculture:inferium_ore":4,"minecraft:wall_torch":1,"minecraft:furnace":1,"minecraft:birch_log":5,"minecraft:iron_ore":8,"minecraft:birch_leaves":1,"minecraft:andesite":24,"minecraft:grass":1,"minecraft:coal_ore":33,"minecraft:oak_log":10,"minecraft:dirt":5,"minecraft:stone":99,"minecraft:oak_leaves":1,"create:crimsite":25,"create:limestone":1,"minecraft:deepslate":3},"minecraft:picked_up":{"minecraft:birch_log":5,"minecraft:crafting_table":5,"minecraft:cooked_beef":6,"minecraft:andesite":22,"minecraft:oak_log":10,"minecraft:dirt":6,"minecraft:string":2,"create:limestone":1,"minecraft:cooked_mutton":2,"minecraft:bone":1,"minecraft:bow":1,"mysticalagriculture:inferium_essence":11,"minecraft:cobbled_deepslate":3,"minecraft:iron_ingot":1,"minecraft:moss_block":10,"minecraft:furnace":1,"minecraft:raw_iron":8,"minecraft:sandstone":1,"minecraft:red_wool":2,"minecraft:torch":1,"mysticalagriculture:prosperity_shard":4,"minecraft:spider_eye":1,"minecraft:arrow":3,"create:crimsite":25,"minecraft:granite":21,"minecraft:glow_berries":4,"botania:brown_mushroom":1,"minecraft:coal":63,"iceandfire:raw_silver":1,"minecraft:cobblestone":96},"minecraft:killed":{"minecraft:spider":1,"minecraft:skeleton":1}},"DataVersion":3465}