{"stats":{"minecraft:custom":{"minecraft:jump":113,"minecraft:time_since_rest":16985,"minecraft:damage_dealt":10,"minecraft:damage_taken":393,"minecraft:leave_game":2,"minecraft:crouch_one_cm":260,"minecraft:time_since_death":16957,"minecraft:play_time":19067,"minecraft:sprint_one_cm":15158,"minecraft:walk_one_cm":38729,"minecraft:deaths":1,"minecraft:sneak_time":105,"minecraft:total_world_time":19067,"minecraft:fall_one_cm":1748,"minecraft:fly_one_cm":18318},"minecraft:used":{"minecraft:cooked_beef":1},"minecraft:killed_by":{"minecraft:player":1},"minecraft:picked_up":{"minecraft:cooked_mutton":2,"minecraft:cooked_beef":1,"minecraft:arrow":2}},"DataVersion":3465}