{"stats":{"minecraft:custom":{"minecraft:jump":95,"minecraft:time_since_rest":12523,"minecraft:leave_game":1,"minecraft:damage_dealt":10,"minecraft:crouch_one_cm":260,"minecraft:sprint_one_cm":15158,"minecraft:deaths":1,"minecraft:play_time":14605,"minecraft:damage_taken":385,"minecraft:time_since_death":12495,"minecraft:walk_one_cm":27399,"minecraft:sneak_time":105,"minecraft:total_world_time":14605,"minecraft:fall_one_cm":1748,"minecraft:fly_one_cm":18278},"minecraft:killed_by":{"minecraft:player":1},"minecraft:picked_up":{"minecraft:cooked_beef":1,"minecraft:arrow":2}},"DataVersion":3465}