{
  "mcwfences:recipes/dark_oak": {
    "criteria": {
      "has_dark_oak": "2024-10-18 00:29:41 +0000"
    },
    "done": true
  },
  "mcwfences:recipes/crimson": {
    "criteria": {
      "has_crimson": "2024-10-18 00:29:41 +0000"
    },
    "done": true
  },
  "mcwfences:recipes/prismarine": {
    "criteria": {
      "has_qq": "2024-10-18 00:29:41 +0000"
    },
    "done": true
  },
  "mcwfences:recipes/quartz": {
    "criteria": {
      "has_qq": "2024-10-18 00:29:41 +0000"
    },
    "done": true
  },
  "create:root": {
    "criteria": {
      "0": "2024-10-18 00:29:41 +0000"
    },
    "done": true
  },
  "stellarity:cursed_tome/root": {
    "criteria": {
      "requirement": "2024-10-18 00:29:41 +0000"
    },
    "done": true
  },
  "minecraft:recipes/decorations/crafting_table": {
    "criteria": {
      "unlock_right_away": "2024-10-18 00:29:41 +0000"
    },
    "done": true
  },
  "mcwfences:recipes/jungle": {
    "criteria": {
      "has_jungle": "2024-10-18 00:29:41 +0000"
    },
    "done": true
  },
  "mcwfences:recipes/mangrove": {
    "criteria": {
      "has_mangrove": "2024-10-18 00:29:41 +0000"
    },
    "done": true
  },
  "mcwfences:recipes/warped": {
    "criteria": {
      "has_warped": "2024-10-18 00:29:41 +0000"
    },
    "done": true
  },
  "mowziesmobs:root": {
    "criteria": {
      "custom_test_name": "2024-10-18 00:29:41 +0000"
    },
    "done": true
  },
  "mcwfences:recipes/nether": {
    "criteria": {
      "has_nether_brick": "2024-10-18 00:29:41 +0000"
    },
    "done": true
  },
  "incendium:technical/new_player": {
    "criteria": {
      "requirement": "2024-10-18 00:29:41 +0000"
    },
    "done": true
  },
  "iceandfire:iceandfire/root": {
    "criteria": {
      "tick": "2024-10-18 00:29:41 +0000"
    },
    "done": true
  },
  "mcwfences:recipes/bamboo": {
    "criteria": {
      "has_bamboo": "2024-10-18 00:29:41 +0000"
    },
    "done": true
  },
  "stellarity:dragons_den/cursed_tome/root": {
    "criteria": {
      "requirement": "2024-10-18 00:29:41 +0000"
    },
    "done": true
  },
  "dungeons_arise:wda_root": {
    "criteria": {
      "WDA": "2024-10-18 00:29:41 +0000"
    },
    "done": true
  },
  "mcwfences:recipes/spruce": {
    "criteria": {
      "has_spruce": "2024-10-18 00:29:41 +0000"
    },
    "done": true
  },
  "bakery:main/root": {
    "criteria": {
      "seeds": "2024-10-18 00:29:41 +0000"
    },
    "done": true
  },
  "betterdungeons:root": {
    "criteria": {
      "always": "2024-10-18 00:29:41 +0000"
    },
    "done": true
  },
  "mcwfences:recipes/birch": {
    "criteria": {
      "has_birch": "2024-10-18 00:29:41 +0000"
    },
    "done": true
  },
  "mcwfences:recipes/stone": {
    "criteria": {
      "has_stone": "2024-10-18 00:29:41 +0000"
    },
    "done": true
  },
  "mcwfences:recipes/end": {
    "criteria": {
      "has_end_brick": "2024-10-18 00:29:41 +0000"
    },
    "done": true
  },
  "mcwfences:recipes/sandstone": {
    "criteria": {
      "has_sand": "2024-10-18 00:29:41 +0000"
    },
    "done": true
  },
  "mcwfences:recipes/acacia": {
    "criteria": {
      "has_acacia": "2024-10-18 00:29:41 +0000"
    },
    "done": true
  },
  "mcwfences:recipes/oak": {
    "criteria": {
      "has_oak": "2024-10-18 00:29:41 +0000"
    },
    "done": true
  },
  "mcwfences:recipes/mud_brick": {
    "criteria": {
      "has_qq": "2024-10-18 00:29:41 +0000"
    },
    "done": true
  },
  "lootr:root": {
    "criteria": {
      "always_true": "2024-10-18 00:29:41 +0000"
    },
    "done": true
  },
  "mcwfences:recipes/blackstone": {
    "criteria": {
      "has_blackstone": "2024-10-18 00:29:41 +0000"
    },
    "done": true
  },
  "mcwfences:recipes/hedge": {
    "criteria": {
      "has_birch": "2024-10-18 00:29:41 +0000"
    },
    "done": true
  },
  "herbalbrews:main/root": {
    "criteria": {
      "seeds": "2024-10-18 00:29:41 +0000"
    },
    "done": true
  },
  "cataclysm:root": {
    "criteria": {
      "custom_test_name": "2024-10-18 00:29:41 +0000"
    },
    "done": true
  },
  "vinery:main/root": {
    "criteria": {
      "seeds": "2024-10-18 00:29:41 +0000"
    },
    "done": true
  },
  "mcwfences:recipes/deepslate": {
    "criteria": {
      "has_deepslate": "2024-10-18 00:29:41 +0000"
    },
    "done": true
  },
  "brewery:main/root": {
    "criteria": {
      "seeds": "2024-10-18 00:29:41 +0000"
    },
    "done": true
  },
  "incendium:technical/using/shield": {
    "criteria": {
      "log_spam_fixer": "2024-10-18 00:29:43 +0000"
    },
    "done": false
  },
  "incendium:technical/scroll_of_returning": {
    "criteria": {
      "log_spam_fixer": "2024-10-18 00:29:43 +0000"
    },
    "done": false
  },
  "incendium:technical/using/ragnarok": {
    "criteria": {
      "log_spam_fixer": "2024-10-18 00:29:43 +0000"
    },
    "done": false
  },
  "incendium:technical/using/trailblazer": {
    "criteria": {
      "log_spam_fixer": "2024-10-18 00:29:43 +0000"
    },
    "done": false
  },
  "minecraft:adventure/adventuring_time": {
    "criteria": {
      "minecraft:beach": "2024-10-18 00:30:04 +0000",
      "minecraft:dark_forest": "2024-10-18 00:29:43 +0000",
      "minecraft:river": "2024-10-18 01:33:02 +0000",
      "minecraft:lush_caves": "2024-10-18 00:42:41 +0000",
      "minecraft:old_growth_birch_forest": "2024-10-18 01:33:48 +0000"
    },
    "done": false
  },
  "create:recipes/building_blocks/cut_diorite_slab_from_stone_types_diorite_stonecutting": {
    "criteria": {
      "has_stone_types_diorite": "2024-10-18 00:31:03 +0000"
    },
    "done": true
  },
  "create:recipes/building_blocks/cut_diorite_brick_slab_from_stone_types_diorite_stonecutting": {
    "criteria": {
      "has_stone_types_diorite": "2024-10-18 00:31:03 +0000"
    },
    "done": true
  },
  "create:recipes/building_blocks/small_diorite_brick_slab_from_stone_types_diorite_stonecutting": {
    "criteria": {
      "has_stone_types_diorite": "2024-10-18 00:31:03 +0000"
    },
    "done": true
  },
  "create:recipes/building_blocks/diorite_from_stone_types_diorite_stonecutting": {
    "criteria": {
      "has_stone_types_diorite": "2024-10-18 00:31:03 +0000"
    },
    "done": true
  },
  "create:recipes/building_blocks/cut_diorite_brick_wall_from_stone_types_diorite_stonecutting": {
    "criteria": {
      "has_stone_types_diorite": "2024-10-18 00:31:03 +0000"
    },
    "done": true
  },
  "create:recipes/building_blocks/cut_diorite_brick_stairs_from_stone_types_diorite_stonecutting": {
    "criteria": {
      "has_stone_types_diorite": "2024-10-18 00:31:03 +0000"
    },
    "done": true
  },
  "create:recipes/building_blocks/cut_diorite_from_stone_types_diorite_stonecutting": {
    "criteria": {
      "has_stone_types_diorite": "2024-10-18 00:31:03 +0000"
    },
    "done": true
  },
  "create:recipes/building_blocks/cut_diorite_stairs_from_stone_types_diorite_stonecutting": {
    "criteria": {
      "has_stone_types_diorite": "2024-10-18 00:31:03 +0000"
    },
    "done": true
  },
  "create:recipes/building_blocks/small_diorite_bricks_from_stone_types_diorite_stonecutting": {
    "criteria": {
      "has_stone_types_diorite": "2024-10-18 00:31:03 +0000"
    },
    "done": true
  },
  "create:recipes/building_blocks/layered_diorite_from_stone_types_diorite_stonecutting": {
    "criteria": {
      "has_stone_types_diorite": "2024-10-18 00:31:03 +0000"
    },
    "done": true
  },
  "create:recipes/building_blocks/cut_diorite_wall_from_stone_types_diorite_stonecutting": {
    "criteria": {
      "has_stone_types_diorite": "2024-10-18 00:31:03 +0000"
    },
    "done": true
  },
  "create:recipes/building_blocks/small_diorite_brick_wall_from_stone_types_diorite_stonecutting": {
    "criteria": {
      "has_stone_types_diorite": "2024-10-18 00:31:03 +0000"
    },
    "done": true
  },
  "create:recipes/building_blocks/cut_diorite_bricks_from_stone_types_diorite_stonecutting": {
    "criteria": {
      "has_stone_types_diorite": "2024-10-18 00:31:03 +0000"
    },
    "done": true
  },
  "create:recipes/building_blocks/diorite_pillar_from_stone_types_diorite_stonecutting": {
    "criteria": {
      "has_stone_types_diorite": "2024-10-18 00:31:03 +0000"
    },
    "done": true
  },
  "create:recipes/building_blocks/polished_cut_diorite_wall_from_stone_types_diorite_stonecutting": {
    "criteria": {
      "has_stone_types_diorite": "2024-10-18 00:31:03 +0000"
    },
    "done": true
  },
  "create:recipes/building_blocks/small_diorite_brick_stairs_from_stone_types_diorite_stonecutting": {
    "criteria": {
      "has_stone_types_diorite": "2024-10-18 00:31:03 +0000"
    },
    "done": true
  },
  "create:recipes/building_blocks/polished_cut_diorite_stairs_from_stone_types_diorite_stonecutting": {
    "criteria": {
      "has_stone_types_diorite": "2024-10-18 00:31:03 +0000"
    },
    "done": true
  },
  "create:recipes/building_blocks/polished_cut_diorite_from_stone_types_diorite_stonecutting": {
    "criteria": {
      "has_stone_types_diorite": "2024-10-18 00:31:03 +0000"
    },
    "done": true
  },
  "create:recipes/building_blocks/polished_cut_diorite_slab_from_stone_types_diorite_stonecutting": {
    "criteria": {
      "has_stone_types_diorite": "2024-10-18 00:31:03 +0000"
    },
    "done": true
  },
  "create:recipes/building_blocks/cut_diorite_brick_wall": {
    "criteria": {
      "has_cut_diorite_bricks": "2024-10-18 00:31:36 +0000"
    },
    "done": true
  },
  "create:recipes/building_blocks/cut_diorite_brick_stairs": {
    "criteria": {
      "has_cut_diorite_bricks": "2024-10-18 00:31:36 +0000"
    },
    "done": true
  },
  "create:recipes/building_blocks/cut_diorite_brick_slab": {
    "criteria": {
      "has_cut_diorite_bricks": "2024-10-18 00:31:36 +0000"
    },
    "done": true
  },
  "create:recipes/building_blocks/polished_cut_andesite_stairs_from_stone_types_andesite_stonecutting": {
    "criteria": {
      "has_stone_types_andesite": "2024-10-18 00:32:32 +0000"
    },
    "done": true
  },
  "create:recipes/building_blocks/cut_andesite_slab_from_stone_types_andesite_stonecutting": {
    "criteria": {
      "has_stone_types_andesite": "2024-10-18 00:32:32 +0000"
    },
    "done": true
  },
  "create:recipes/building_blocks/small_andesite_brick_slab_from_stone_types_andesite_stonecutting": {
    "criteria": {
      "has_stone_types_andesite": "2024-10-18 00:32:32 +0000"
    },
    "done": true
  },
  "create:recipes/building_blocks/small_andesite_brick_stairs_from_stone_types_andesite_stonecutting": {
    "criteria": {
      "has_stone_types_andesite": "2024-10-18 00:32:32 +0000"
    },
    "done": true
  },
  "create:recipes/building_blocks/cut_andesite_bricks_from_stone_types_andesite_stonecutting": {
    "criteria": {
      "has_stone_types_andesite": "2024-10-18 00:32:32 +0000"
    },
    "done": true
  },
  "create:recipes/building_blocks/small_andesite_bricks_from_stone_types_andesite_stonecutting": {
    "criteria": {
      "has_stone_types_andesite": "2024-10-18 00:32:32 +0000"
    },
    "done": true
  },
  "create:recipes/building_blocks/polished_cut_andesite_from_stone_types_andesite_stonecutting": {
    "criteria": {
      "has_stone_types_andesite": "2024-10-18 00:32:32 +0000"
    },
    "done": true
  },
  "create:recipes/building_blocks/cut_andesite_wall_from_stone_types_andesite_stonecutting": {
    "criteria": {
      "has_stone_types_andesite": "2024-10-18 00:32:32 +0000"
    },
    "done": true
  },
  "create:recipes/building_blocks/small_andesite_brick_wall_from_stone_types_andesite_stonecutting": {
    "criteria": {
      "has_stone_types_andesite": "2024-10-18 00:32:32 +0000"
    },
    "done": true
  },
  "create:recipes/building_blocks/cut_andesite_brick_slab_from_stone_types_andesite_stonecutting": {
    "criteria": {
      "has_stone_types_andesite": "2024-10-18 00:32:32 +0000"
    },
    "done": true
  },
  "create:recipes/building_blocks/layered_andesite_from_stone_types_andesite_stonecutting": {
    "criteria": {
      "has_stone_types_andesite": "2024-10-18 00:32:32 +0000"
    },
    "done": true
  },
  "create:recipes/building_blocks/andesite_from_stone_types_andesite_stonecutting": {
    "criteria": {
      "has_stone_types_andesite": "2024-10-18 00:32:32 +0000"
    },
    "done": true
  },
  "create:recipes/building_blocks/cut_andesite_from_stone_types_andesite_stonecutting": {
    "criteria": {
      "has_stone_types_andesite": "2024-10-18 00:32:32 +0000"
    },
    "done": true
  },
  "create:recipes/building_blocks/polished_cut_andesite_slab_from_stone_types_andesite_stonecutting": {
    "criteria": {
      "has_stone_types_andesite": "2024-10-18 00:32:32 +0000"
    },
    "done": true
  },
  "create:recipes/building_blocks/cut_andesite_brick_wall_from_stone_types_andesite_stonecutting": {
    "criteria": {
      "has_stone_types_andesite": "2024-10-18 00:32:32 +0000"
    },
    "done": true
  },
  "create:recipes/building_blocks/andesite_pillar_from_stone_types_andesite_stonecutting": {
    "criteria": {
      "has_stone_types_andesite": "2024-10-18 00:32:32 +0000"
    },
    "done": true
  },
  "create:recipes/building_blocks/cut_andesite_stairs_from_stone_types_andesite_stonecutting": {
    "criteria": {
      "has_stone_types_andesite": "2024-10-18 00:32:32 +0000"
    },
    "done": true
  },
  "create:recipes/building_blocks/polished_cut_andesite_wall_from_stone_types_andesite_stonecutting": {
    "criteria": {
      "has_stone_types_andesite": "2024-10-18 00:32:32 +0000"
    },
    "done": true
  },
  "create:recipes/building_blocks/cut_andesite_brick_stairs_from_stone_types_andesite_stonecutting": {
    "criteria": {
      "has_stone_types_andesite": "2024-10-18 00:32:32 +0000"
    },
    "done": true
  },
  "minecraft:recipes/transportation/cherry_boat": {
    "criteria": {
      "in_water": "2024-10-18 00:32:59 +0000"
    },
    "done": true
  },
  "minecraft:recipes/transportation/bamboo_raft": {
    "criteria": {
      "in_water": "2024-10-18 00:32:59 +0000"
    },
    "done": true
  },
  "minecraft:recipes/transportation/acacia_boat": {
    "criteria": {
      "in_water": "2024-10-18 00:32:59 +0000"
    },
    "done": true
  },
  "minecraft:recipes/transportation/jungle_boat": {
    "criteria": {
      "in_water": "2024-10-18 00:32:59 +0000"
    },
    "done": true
  },
  "minecraft:recipes/transportation/spruce_boat": {
    "criteria": {
      "in_water": "2024-10-18 00:32:59 +0000"
    },
    "done": true
  },
  "minecraft:recipes/transportation/birch_boat": {
    "criteria": {
      "in_water": "2024-10-18 00:32:59 +0000"
    },
    "done": true
  },
  "minecraft:recipes/transportation/oak_boat": {
    "criteria": {
      "in_water": "2024-10-18 00:32:59 +0000"
    },
    "done": true
  },
  "minecraft:recipes/transportation/mangrove_boat": {
    "criteria": {
      "in_water": "2024-10-18 00:32:59 +0000"
    },
    "done": true
  },
  "minecraft:recipes/transportation/dark_oak_boat": {
    "criteria": {
      "in_water": "2024-10-18 00:32:59 +0000"
    },
    "done": true
  },
  "create:recipes/building_blocks/cut_andesite_brick_stairs": {
    "criteria": {
      "has_cut_andesite_bricks": "2024-10-18 00:33:47 +0000"
    },
    "done": true
  },
  "create:recipes/building_blocks/cut_andesite_brick_slab": {
    "criteria": {
      "has_cut_andesite_bricks": "2024-10-18 00:33:47 +0000"
    },
    "done": true
  },
  "create:recipes/building_blocks/cut_andesite_brick_wall": {
    "criteria": {
      "has_cut_andesite_bricks": "2024-10-18 00:33:47 +0000"
    },
    "done": true
  },
  "create:recipes/misc/crafting/materials/brass_ingot_from_decompacting": {
    "criteria": {
      "has_item": "2024-10-18 00:34:43 +0000"
    },
    "done": true
  },
  "create:recipes/building_blocks/oak_window_pane": {
    "criteria": {
      "has_ingredient": "2024-10-18 00:34:54 +0000"
    },
    "done": true
  },
  "chiselsandbits:recipes/tools/magnifying_glass": {
    "criteria": {
      "has_g": "2024-10-18 00:35:02 +0000"
    },
    "done": true
  },
  "create:recipes/misc/smelting/glass_from_framed_glass": {
    "criteria": {
      "has_item": "2024-10-18 00:35:02 +0000"
    },
    "done": true
  },
  "ironchest:recipes/decorations/upgrades/gold_to_diamond_chest_upgrade": {
    "criteria": {
      "has_glass": "2024-10-18 00:35:02 +0000"
    },
    "done": true
  },
  "create:recipes/building_blocks/horizontal_framed_glass_from_glass_colorless_stonecutting": {
    "criteria": {
      "has_glass_colorless": "2024-10-18 00:35:02 +0000"
    },
    "done": true
  },
  "ironchest:recipes/decorations/upgrades/diamond_to_obsidian_chest_upgrade": {
    "criteria": {
      "has_glass": "2024-10-18 00:35:02 +0000"
    },
    "done": true
  },
  "chiselsandbits:recipes/tools/bit_storage": {
    "criteria": {
      "has_g": "2024-10-18 00:35:02 +0000"
    },
    "done": true
  },
  "create:recipes/building_blocks/framed_glass_from_glass_colorless_stonecutting": {
    "criteria": {
      "has_glass_colorless": "2024-10-18 00:35:02 +0000"
    },
    "done": true
  },
  "ironchest:recipes/decorations/chests/diamond_crystal_chest": {
    "criteria": {
      "has_glass": "2024-10-18 00:35:02 +0000"
    },
    "done": true
  },
  "create:recipes/misc/crafting/kinetics/framed_glass_door": {
    "criteria": {
      "has_item": "2024-10-18 00:35:02 +0000"
    },
    "done": true
  },
  "create:recipes/building_blocks/framed_glass_pane": {
    "criteria": {
      "has_ingredient": "2024-10-18 00:35:02 +0000"
    },
    "done": true
  },
  "create:recipes/building_blocks/vertical_framed_glass_from_glass_colorless_stonecutting": {
    "criteria": {
      "has_glass_colorless": "2024-10-18 00:35:02 +0000"
    },
    "done": true
  },
  "ironchest:recipes/decorations/upgrades/diamond_to_crystal_chest_upgrade": {
    "criteria": {
      "has_glass": "2024-10-18 00:35:02 +0000"
    },
    "done": true
  },
  "create:recipes/misc/crafting/kinetics/framed_glass_trapdoor": {
    "criteria": {
      "has_item": "2024-10-18 00:35:02 +0000"
    },
    "done": true
  },
  "create:recipes/building_blocks/tiled_glass_from_glass_colorless_stonecutting": {
    "criteria": {
      "has_glass_colorless": "2024-10-18 00:35:02 +0000"
    },
    "done": true
  },
  "minecraft:recipes/decorations/chest": {
    "criteria": {
      "has_lots_of_items": "2024-10-18 00:39:11 +0000"
    },
    "done": true
  },
  "minecraft:recipes/building_blocks/red_concrete_powder": {
    "criteria": {
      "has_sand": "2024-10-18 00:41:18 +0000"
    },
    "done": true
  },
  "minecraft:recipes/building_blocks/blue_concrete_powder": {
    "criteria": {
      "has_sand": "2024-10-18 00:41:18 +0000"
    },
    "done": true
  },
  "minecraft:recipes/building_blocks/orange_concrete_powder": {
    "criteria": {
      "has_sand": "2024-10-18 00:41:18 +0000"
    },
    "done": true
  },
  "minecraft:recipes/building_blocks/magenta_concrete_powder": {
    "criteria": {
      "has_sand": "2024-10-18 00:41:18 +0000"
    },
    "done": true
  },
  "minecraft:recipes/building_blocks/black_concrete_powder": {
    "criteria": {
      "has_sand": "2024-10-18 00:41:18 +0000"
    },
    "done": true
  },
  "minecraft:recipes/building_blocks/purple_concrete_powder": {
    "criteria": {
      "has_sand": "2024-10-18 00:41:18 +0000"
    },
    "done": true
  },
  "minecraft:recipes/building_blocks/cyan_concrete_powder": {
    "criteria": {
      "has_sand": "2024-10-18 00:41:18 +0000"
    },
    "done": true
  },
  "minecraft:recipes/building_blocks/pink_concrete_powder": {
    "criteria": {
      "has_sand": "2024-10-18 00:41:18 +0000"
    },
    "done": true
  },
  "minecraft:recipes/building_blocks/brown_concrete_powder": {
    "criteria": {
      "has_sand": "2024-10-18 00:41:18 +0000"
    },
    "done": true
  },
  "minecraft:recipes/building_blocks/light_blue_concrete_powder": {
    "criteria": {
      "has_sand": "2024-10-18 00:41:18 +0000"
    },
    "done": true
  },
  "minecraft:recipes/building_blocks/glass": {
    "criteria": {
      "has_smelts_to_glass": "2024-10-18 00:41:18 +0000"
    },
    "done": true
  },
  "minecraft:recipes/building_blocks/yellow_concrete_powder": {
    "criteria": {
      "has_sand": "2024-10-18 00:41:18 +0000"
    },
    "done": true
  },
  "minecraft:recipes/building_blocks/sandstone": {
    "criteria": {
      "has_sand": "2024-10-18 00:41:18 +0000"
    },
    "done": true
  },
  "mcwroofs:recipes/concrete": {
    "criteria": {
      "has_planks": "2024-10-18 00:41:18 +0000"
    },
    "done": true
  },
  "minecraft:recipes/building_blocks/green_concrete_powder": {
    "criteria": {
      "has_sand": "2024-10-18 00:41:19 +0000"
    },
    "done": true
  },
  "minecraft:recipes/building_blocks/lime_concrete_powder": {
    "criteria": {
      "has_sand": "2024-10-18 00:41:19 +0000"
    },
    "done": true
  },
  "minecraft:recipes/building_blocks/light_gray_concrete_powder": {
    "criteria": {
      "has_sand": "2024-10-18 00:41:19 +0000"
    },
    "done": true
  },
  "minecraft:recipes/building_blocks/white_concrete_powder": {
    "criteria": {
      "has_sand": "2024-10-18 00:41:19 +0000"
    },
    "done": true
  },
  "minecraft:recipes/building_blocks/gray_concrete_powder": {
    "criteria": {
      "has_sand": "2024-10-18 00:41:19 +0000"
    },
    "done": true
  },
  "create:recipes/building_blocks/cut_deepslate_brick_wall_from_stone_types_deepslate_stonecutting": {
    "criteria": {
      "has_stone_types_deepslate": "2024-10-18 00:42:45 +0000"
    },
    "done": true
  },
  "create:recipes/building_blocks/cut_deepslate_from_stone_types_deepslate_stonecutting": {
    "criteria": {
      "has_stone_types_deepslate": "2024-10-18 00:42:45 +0000"
    },
    "done": true
  },
  "create:recipes/building_blocks/deepslate_from_stone_types_deepslate_stonecutting": {
    "criteria": {
      "has_stone_types_deepslate": "2024-10-18 00:42:45 +0000"
    },
    "done": true
  },
  "create:recipes/building_blocks/polished_cut_deepslate_wall_from_stone_types_deepslate_stonecutting": {
    "criteria": {
      "has_stone_types_deepslate": "2024-10-18 00:42:45 +0000"
    },
    "done": true
  },
  "create:recipes/building_blocks/deepslate_pillar_from_stone_types_deepslate_stonecutting": {
    "criteria": {
      "has_stone_types_deepslate": "2024-10-18 00:42:45 +0000"
    },
    "done": true
  },
  "create:recipes/building_blocks/small_deepslate_brick_slab_from_stone_types_deepslate_stonecutting": {
    "criteria": {
      "has_stone_types_deepslate": "2024-10-18 00:42:45 +0000"
    },
    "done": true
  },
  "create:recipes/building_blocks/cut_deepslate_stairs_from_stone_types_deepslate_stonecutting": {
    "criteria": {
      "has_stone_types_deepslate": "2024-10-18 00:42:45 +0000"
    },
    "done": true
  },
  "create:recipes/building_blocks/small_deepslate_bricks_from_stone_types_deepslate_stonecutting": {
    "criteria": {
      "has_stone_types_deepslate": "2024-10-18 00:42:45 +0000"
    },
    "done": true
  },
  "create:recipes/building_blocks/small_deepslate_brick_stairs_from_stone_types_deepslate_stonecutting": {
    "criteria": {
      "has_stone_types_deepslate": "2024-10-18 00:42:45 +0000"
    },
    "done": true
  },
  "create:recipes/building_blocks/small_deepslate_brick_wall_from_stone_types_deepslate_stonecutting": {
    "criteria": {
      "has_stone_types_deepslate": "2024-10-18 00:42:45 +0000"
    },
    "done": true
  },
  "create:recipes/building_blocks/cut_deepslate_slab_from_stone_types_deepslate_stonecutting": {
    "criteria": {
      "has_stone_types_deepslate": "2024-10-18 00:42:45 +0000"
    },
    "done": true
  },
  "create:recipes/building_blocks/cut_deepslate_wall_from_stone_types_deepslate_stonecutting": {
    "criteria": {
      "has_stone_types_deepslate": "2024-10-18 00:42:45 +0000"
    },
    "done": true
  },
  "create:recipes/building_blocks/polished_cut_deepslate_stairs_from_stone_types_deepslate_stonecutting": {
    "criteria": {
      "has_stone_types_deepslate": "2024-10-18 00:42:45 +0000"
    },
    "done": true
  },
  "create:recipes/building_blocks/cut_deepslate_brick_stairs_from_stone_types_deepslate_stonecutting": {
    "criteria": {
      "has_stone_types_deepslate": "2024-10-18 00:42:45 +0000"
    },
    "done": true
  },
  "create:recipes/building_blocks/cut_deepslate_brick_slab_from_stone_types_deepslate_stonecutting": {
    "criteria": {
      "has_stone_types_deepslate": "2024-10-18 00:42:45 +0000"
    },
    "done": true
  },
  "create:recipes/building_blocks/polished_cut_deepslate_from_stone_types_deepslate_stonecutting": {
    "criteria": {
      "has_stone_types_deepslate": "2024-10-18 00:42:45 +0000"
    },
    "done": true
  },
  "create:recipes/building_blocks/polished_cut_deepslate_slab_from_stone_types_deepslate_stonecutting": {
    "criteria": {
      "has_stone_types_deepslate": "2024-10-18 00:42:45 +0000"
    },
    "done": true
  },
  "create:recipes/building_blocks/cut_deepslate_bricks_from_stone_types_deepslate_stonecutting": {
    "criteria": {
      "has_stone_types_deepslate": "2024-10-18 00:42:45 +0000"
    },
    "done": true
  },
  "create:recipes/building_blocks/layered_deepslate_from_stone_types_deepslate_stonecutting": {
    "criteria": {
      "has_stone_types_deepslate": "2024-10-18 00:42:45 +0000"
    },
    "done": true
  },
  "chiselsandbits:recipes/tools/chisel_stone": {
    "criteria": {
      "has_ingredient": "2024-10-18 00:42:45 +0000"
    },
    "done": true
  },
  "mcwbridges:recipes/bridge_torch": {
    "criteria": {
      "has_planks": "2024-10-18 00:43:01 +0000"
    },
    "done": true
  },
  "mcwlights:recipes/tiki_torches": {
    "criteria": {
      "has_wood": "2024-10-18 00:43:01 +0000"
    },
    "done": true
  },
  "mcwlights:recipes/paper_lamp": {
    "criteria": {
      "has_wood": "2024-10-18 00:43:01 +0000"
    },
    "done": true
  },
  "mcwlights:recipes/lantern": {
    "criteria": {
      "has_wood": "2024-10-18 00:43:01 +0000"
    },
    "done": true
  },
  "incendium:technical/sentrys_wrath": {
    "criteria": {
      "log_spam_fixer": "2024-10-18 01:43:35 +0000"
    },
    "done": false
  },
  "incendium:technical/on_player_hurt": {
    "criteria": {
      "log_spam_fixer": "2024-10-18 01:43:35 +0000"
    },
    "done": false
  },
  "incendium:technical/on_kill": {
    "criteria": {
      "log_spam_fixer": "2024-10-18 01:43:35 +0000"
    },
    "done": false
  },
  "incendium:technical/on_inventory_change": {
    "criteria": {
      "log_spam_fixer": "2024-10-18 01:43:35 +0000"
    },
    "done": false
  },
  "incendium:technical/holy_wrath": {
    "criteria": {
      "log_spam_fixer": "2024-10-18 01:43:35 +0000"
    },
    "done": false
  },
  "incendium:technical/on_block": {
    "criteria": {
      "log_spam_fixer": "2024-10-18 01:43:35 +0000"
    },
    "done": false
  },
  "incendium:technical/inventory/sentrys_wrath": {
    "criteria": {
      "log_spam_fixer": "2024-10-18 01:43:35 +0000"
    },
    "done": false
  },
  "incendium:technical/feed_ghastling": {
    "criteria": {
      "log_spam_fixer": "2024-10-18 01:43:35 +0000"
    },
    "done": false
  },
  "incendium:technical/firestorm": {
    "criteria": {
      "log_spam_fixer": "2024-10-18 01:43:35 +0000"
    },
    "done": false
  },
  "incendium:technical/inventory/firestorm": {
    "criteria": {
      "log_spam_fixer": "2024-10-18 01:43:35 +0000"
    },
    "done": false
  },
  "incendium:technical/give_ghastling": {
    "criteria": {
      "log_spam_fixer": "2024-10-18 01:43:35 +0000"
    },
    "done": false
  },
  "incendium:technical/multiplex_crossbow": {
    "criteria": {
      "log_spam_fixer": "2024-10-18 01:43:35 +0000"
    },
    "done": false
  },
  "cfm:recipes/decorations/stripped_dark_oak_park_bench": {
    "criteria": {
      "has_log": "2024-10-18 01:28:18 +0000"
    },
    "done": true
  },
  "minecraft:recipes/decorations/ladder": {
    "criteria": {
      "has_stick": "2024-10-18 01:28:29 +0000"
    },
    "done": true
  },
  "mcwroofs:recipes/grass": {
    "criteria": {
      "has_planks": "2024-10-18 01:28:38 +0000"
    },
    "done": true
  },
  "cfm:recipes/decorations/stripped_dark_oak_kitchen_counter": {
    "criteria": {
      "has_log": "2024-10-18 01:28:17 +0000"
    },
    "done": true
  },
  "cfm:recipes/decorations/orange_cooler": {
    "criteria": {
      "has_chest": "2024-10-18 01:12:43 +0000"
    },
    "done": true
  },
  "cfm:recipes/decorations/dark_oak_desk_cabinet": {
    "criteria": {
      "has_log": "2024-10-18 01:28:17 +0000"
    },
    "done": true
  },
  "cfm:recipes/decorations/oak_coffee_table": {
    "criteria": {
      "has_log": "2024-10-18 01:30:35 +0000"
    },
    "done": true
  },
  "mcwwindows:recipes/diorite": {
    "criteria": {
      "has_the_recipe": "2024-10-18 01:30:35 +0000"
    },
    "done": true
  },
  "brewery:recipes/sausage": {
    "criteria": {
      "has_cooked_beef": "2024-10-18 00:56:05 +0000"
    },
    "done": true
  },
  "cfm:recipes/decorations/dark_oak_blinds": {
    "criteria": {
      "has_log": "2024-10-18 01:28:17 +0000"
    },
    "done": true
  },
  "mcwpaths:recipes/dark_oak": {
    "criteria": {
      "has_wood": "2024-10-18 01:28:25 +0000"
    },
    "done": true
  },
  "cfm:recipes/decorations/brown_kitchen_drawer": {
    "criteria": {
      "has_chest": "2024-10-18 01:12:43 +0000"
    },
    "done": true
  },
  "mcwwindows:recipes/warped": {
    "criteria": {
      "has_the_recipe": "2024-10-18 01:30:35 +0000"
    },
    "done": true
  },
  "create:recipes/building_blocks/dark_oak_window": {
    "criteria": {
      "has_ingredient": "2024-10-18 01:28:25 +0000"
    },
    "done": true
  },
  "minecraft:recipes/building_blocks/raw_iron_block": {
    "criteria": {
      "has_raw_iron": "2024-10-18 01:35:11 +0000"
    },
    "done": true
  },
  "mcwwindows:recipes/dark_oak": {
    "criteria": {
      "has_wood": "2024-10-18 01:28:17 +0000"
    },
    "done": true
  },
  "cfm:recipes/decorations/stripped_dark_oak_bedside_cabinet": {
    "criteria": {
      "has_planks": "2024-10-18 01:28:17 +0000"
    },
    "done": true
  },
  "minecraft:story/mine_stone": {
    "criteria": {
      "get_stone": "2024-10-18 01:28:42 +0000"
    },
    "done": true
  },
  "minecraft:recipes/decorations/furnace": {
    "criteria": {
      "has_cobblestone": "2024-10-18 01:28:42 +0000"
    },
    "done": true
  },
  "cfm:recipes/decorations/dark_oak_mail_box": {
    "criteria": {
      "has_chest": "2024-10-18 01:12:43 +0000"
    },
    "done": true
  },
  "cfm:recipes/decorations/gray_kitchen_drawer": {
    "criteria": {
      "has_chest": "2024-10-18 01:12:43 +0000"
    },
    "done": true
  },
  "mcwtrpdoors:recipes/oak/oak_swamp_trapdoor": {
    "criteria": {
      "has_logs": "2024-10-18 01:30:35 +0000"
    },
    "done": true
  },
  "cfm:recipes/decorations/stripped_acacia_kitchen_drawer": {
    "criteria": {
      "has_chest": "2024-10-18 01:12:43 +0000"
    },
    "done": true
  },
  "minecraft:recipes/tools/wooden_axe": {
    "criteria": {
      "has_stick": "2024-10-18 01:28:29 +0000"
    },
    "done": true
  },
  "cfm:recipes/decorations/birch_mail_box": {
    "criteria": {
      "has_chest": "2024-10-18 01:12:43 +0000"
    },
    "done": true
  },
  "cfm:recipes/decorations/blue_cooler": {
    "criteria": {
      "has_chest": "2024-10-18 01:12:43 +0000"
    },
    "done": true
  },
  "cfm:recipes/decorations/stripped_dark_oak_crate": {
    "criteria": {
      "has_planks": "2024-10-18 01:28:17 +0000"
    },
    "done": true
  },
  "create:recipes/building_blocks/crafting/kinetics/blue_seat": {
    "criteria": {
      "has_wool": "2024-10-18 01:23:58 +0000"
    },
    "done": true
  },
  "create:recipes/misc/crafting/appliances/crafting_blueprint": {
    "criteria": {
      "has_item": "2024-10-18 01:28:28 +0000"
    },
    "done": true
  },
  "mcwtrpdoors:recipes/dark_oak/dark_oak_glass_trapdoor": {
    "criteria": {
      "has_logs": "2024-10-18 01:28:17 +0000"
    },
    "done": true
  },
  "cfm:recipes/decorations/fridge_dark": {
    "criteria": {
      "has_chest": "2024-10-18 01:12:43 +0000"
    },
    "done": true
  },
  "create:recipes/building_blocks/crafting/kinetics/magenta_seat": {
    "criteria": {
      "has_wool": "2024-10-18 01:23:58 +0000"
    },
    "done": true
  },
  "cfm:recipes/decorations/dark_oak_park_bench": {
    "criteria": {
      "has_log": "2024-10-18 01:28:17 +0000"
    },
    "done": true
  },
  "mcwtrpdoors:recipes/oak/oak_paper_trapdoor": {
    "criteria": {
      "has_logs": "2024-10-18 01:30:35 +0000"
    },
    "done": true
  },
  "naturescompass:natures_compass": {
    "criteria": {
      "has_recipe": "2024-10-18 01:13:27 +0000"
    },
    "done": true
  },
  "minecraft:recipes/misc/stick": {
    "criteria": {
      "has_planks": "2024-10-18 01:28:25 +0000"
    },
    "done": true
  },
  "mcwwindows:recipes/dark_prismarine": {
    "criteria": {
      "has_the_recipe": "2024-10-18 01:30:35 +0000"
    },
    "done": true
  },
  "botania:recipes/redstone/red_string_container": {
    "criteria": {
      "has_base_block": "2024-10-18 01:12:43 +0000"
    },
    "done": true
  },
  "cfm:recipes/decorations/stripped_dark_oak_cabinet": {
    "criteria": {
      "has_log": "2024-10-18 01:28:18 +0000"
    },
    "done": true
  },
  "minecraft:recipes/building_blocks/cobblestone_slab_from_cobblestone_stonecutting": {
    "criteria": {
      "has_cobblestone": "2024-10-18 01:28:42 +0000"
    },
    "done": true
  },
  "cfm:recipes/decorations/stripped_spruce_mail_box": {
    "criteria": {
      "has_chest": "2024-10-18 01:12:43 +0000"
    },
    "done": true
  },
  "minecraft:adventure/kill_all_mobs": {
    "criteria": {
      "minecraft:skeleton": "2024-10-18 00:50:39 +0000",
      "minecraft:spider": "2024-10-18 01:31:07 +0000"
    },
    "done": false
  },
  "cfm:recipes/decorations/oak_crate": {
    "criteria": {
      "has_log": "2024-10-18 01:30:35 +0000"
    },
    "done": true
  },
  "create:recipes/building_blocks/crafting/kinetics/light_blue_seat": {
    "criteria": {
      "has_wool": "2024-10-18 01:23:58 +0000"
    },
    "done": true
  },
  "cfm:recipes/decorations/oak_desk_cabinet": {
    "criteria": {
      "has_log": "2024-10-18 01:30:35 +0000"
    },
    "done": true
  },
  "cfm:recipes/decorations/fridge_light": {
    "criteria": {
      "has_chest": "2024-10-18 01:12:43 +0000"
    },
    "done": true
  },
  "cfm:recipes/decorations/cyan_kitchen_drawer": {
    "criteria": {
      "has_chest": "2024-10-18 01:12:43 +0000"
    },
    "done": true
  },
  "minecraft:recipes/redstone/tripwire_hook": {
    "criteria": {
      "has_string": "2024-10-18 01:31:08 +0000"
    },
    "done": true
  },
  "cfm:recipes/decorations/dark_oak_coffee_table": {
    "criteria": {
      "has_log": "2024-10-18 01:28:17 +0000"
    },
    "done": true
  },
  "mcwwindows:recipes/components": {
    "criteria": {
      "has_wood": "2024-10-18 01:30:35 +0000"
    },
    "done": true
  },
  "minecraft:recipes/building_blocks/stone": {
    "criteria": {
      "has_cobblestone": "2024-10-18 01:28:42 +0000"
    },
    "done": true
  },
  "vinery:recipes/dirt_slab": {
    "criteria": {
      "has_dirt": "2024-10-18 01:28:38 +0000"
    },
    "done": true
  },
  "mcwwindows:recipes/curtain_rods": {
    "criteria": {
      "has_wood": "2024-10-18 01:28:29 +0000"
    },
    "done": true
  },
  "cfm:recipes/decorations/stripped_mangrove_kitchen_drawer": {
    "criteria": {
      "has_chest": "2024-10-18 01:12:43 +0000"
    },
    "done": true
  },
  "cfm:recipes/decorations/dark_oak_kitchen_sink_light": {
    "criteria": {
      "has_bottom": "2024-10-18 01:28:25 +0000"
    },
    "done": true
  },
  "mcwtrpdoors:recipes/dark_oak/dark_oak_cottage_trapdoor": {
    "criteria": {
      "has_logs": "2024-10-18 01:28:17 +0000"
    },
    "done": true
  },
  "minecraft:recipes/decorations/candle": {
    "criteria": {
      "has_string": "2024-10-18 01:31:08 +0000"
    },
    "done": true
  },
  "cfm:recipes/decorations/stripped_oak_kitchen_drawer": {
    "criteria": {
      "has_chest": "2024-10-18 01:12:43 +0000"
    },
    "done": true
  },
  "bakery:recipes/cupcake_display": {
    "criteria": {
      "has_stick": "2024-10-18 01:28:29 +0000"
    },
    "done": true
  },
  "cfm:recipes/decorations/lime_trampoline": {
    "criteria": {
      "has_wool": "2024-10-18 01:23:59 +0000"
    },
    "done": true
  },
  "cfm:recipes/decorations/stripped_mangrove_mail_box": {
    "criteria": {
      "has_chest": "2024-10-18 01:12:43 +0000"
    },
    "done": true
  },
  "minecraft:recipes/building_blocks/dark_oak_stairs": {
    "criteria": {
      "has_planks": "2024-10-18 01:28:25 +0000"
    },
    "done": true
  },
  "mcwholidays:recipes/sitting_skeleton": {
    "criteria": {
      "has_planks": "2024-10-18 01:41:10 +0000"
    },
    "done": true
  },
  "cfm:recipes/decorations/stripped_jungle_mail_box": {
    "criteria": {
      "has_chest": "2024-10-18 01:12:43 +0000"
    },
    "done": true
  },
  "mcwwindows:recipes/birch": {
    "criteria": {
      "has_the_recipe": "2024-10-18 01:30:35 +0000"
    },
    "done": true
  },
  "mcwtrpdoors:recipes/oak/oak_glass_trapdoor": {
    "criteria": {
      "has_logs": "2024-10-18 01:30:35 +0000"
    },
    "done": true
  },
  "mcwwindows:recipes/cherry": {
    "criteria": {
      "has_the_recipe": "2024-10-18 01:30:35 +0000"
    },
    "done": true
  },
  "chiselsandbits:recipes/tools/chisel_diamond": {
    "criteria": {
      "has_rod": "2024-10-18 01:28:29 +0000"
    },
    "done": true
  },
  "mcwtrpdoors:recipes/oak/oak_mystic_trapdoor": {
    "criteria": {
      "has_logs": "2024-10-18 01:30:35 +0000"
    },
    "done": true
  },
  "mcwtrpdoors:recipes/dark_oak/dark_oak_beach_trapdoor": {
    "criteria": {
      "has_logs": "2024-10-18 01:28:18 +0000"
    },
    "done": true
  },
  "minecraft:recipes/redstone/dark_oak_door": {
    "criteria": {
      "has_planks": "2024-10-18 01:28:25 +0000"
    },
    "done": true
  },
  "cfm:recipes/decorations/dark_oak_upgraded_fence": {
    "criteria": {
      "has_log": "2024-10-18 01:28:18 +0000"
    },
    "done": true
  },
  "cfm:recipes/decorations/stripped_oak_mail_box": {
    "criteria": {
      "has_chest": "2024-10-18 01:12:43 +0000"
    },
    "done": true
  },
  "ironchest:recipes/decorations/chests/vanilla_dirt_chest": {
    "criteria": {
      "has_iron_ingot": "2024-10-18 01:28:38 +0000"
    },
    "done": true
  },
  "cfm:recipes/decorations/oak_upgraded_fence": {
    "criteria": {
      "has_log": "2024-10-18 01:30:35 +0000"
    },
    "done": true
  },
  "cfm:recipes/decorations/acacia_kitchen_drawer": {
    "criteria": {
      "has_chest": "2024-10-18 01:12:43 +0000"
    },
    "done": true
  },
  "minecraft:story/lava_bucket": {
    "criteria": {
      "lava_bucket": "2024-10-18 01:13:15 +0000"
    },
    "done": true
  },
  "cfm:recipes/decorations/cyan_cooler": {
    "criteria": {
      "has_chest": "2024-10-18 01:12:43 +0000"
    },
    "done": true
  },
  "minecraft:recipes/food/cooked_beef_from_smoking": {
    "criteria": {
      "has_beef": "2024-10-18 00:56:10 +0000"
    },
    "done": true
  },
  "minecraft:recipes/food/cooked_porkchop": {
    "criteria": {
      "has_porkchop": "2024-10-18 01:33:57 +0000"
    },
    "done": true
  },
  "mcwbridges:recipes/dark_oak_log_bridge_middle": {
    "criteria": {
      "has_planks": "2024-10-18 01:28:25 +0000"
    },
    "done": true
  },
  "minecraft:recipes/decorations/red_banner": {
    "criteria": {
      "has_red_wool": "2024-10-18 01:23:58 +0000"
    },
    "done": true
  },
  "minecraft:recipes/tools/stone_pickaxe": {
    "criteria": {
      "has_cobblestone": "2024-10-18 01:28:42 +0000"
    },
    "done": true
  },
  "mcwtrpdoors:recipes/oak/oak_beach_trapdoor": {
    "criteria": {
      "has_logs": "2024-10-18 01:30:35 +0000"
    },
    "done": true
  },
  "mcwwindows:recipes/quartz": {
    "criteria": {
      "has_the_recipe": "2024-10-18 01:30:35 +0000"
    },
    "done": true
  },
  "cfm:recipes/decorations/crimson_mail_box": {
    "criteria": {
      "has_chest": "2024-10-18 01:12:43 +0000"
    },
    "done": true
  },
  "cfm:recipes/decorations/stripped_dark_oak_table": {
    "criteria": {
      "has_planks": "2024-10-18 01:28:17 +0000"
    },
    "done": true
  },
  "minecraft:recipes/decorations/campfire": {
    "criteria": {
      "has_stick": "2024-10-18 01:28:29 +0000"
    },
    "done": true
  },
  "cfm:recipes/decorations/red_kitchen_drawer": {
    "criteria": {
      "has_chest": "2024-10-18 01:12:43 +0000"
    },
    "done": true
  },
  "minecraft:recipes/tools/wooden_hoe": {
    "criteria": {
      "has_stick": "2024-10-18 01:28:29 +0000"
    },
    "done": true
  },
  "cfm:recipes/decorations/red_trampoline": {
    "criteria": {
      "has_wool": "2024-10-18 01:23:58 +0000"
    },
    "done": true
  },
  "cfm:recipes/decorations/jungle_kitchen_drawer": {
    "criteria": {
      "has_chest": "2024-10-18 01:12:43 +0000"
    },
    "done": true
  },
  "minecraft:recipes/misc/charcoal": {
    "criteria": {
      "has_log": "2024-10-18 01:13:27 +0000"
    },
    "done": true
  },
  "vinery:recipes/campfire": {
    "criteria": {
      "has_stick": "2024-10-18 01:28:29 +0000",
      "has_the_recipe": "2024-10-18 01:28:29 +0000"
    },
    "done": true
  },
  "cfm:recipes/decorations/red_cooler": {
    "criteria": {
      "has_chest": "2024-10-18 01:12:43 +0000"
    },
    "done": true
  },
  "cfm:recipes/decorations/stripped_dark_oak_kitchen_drawer": {
    "criteria": {
      "has_chest": "2024-10-18 01:12:43 +0000"
    },
    "done": true
  },
  "cfm:recipes/decorations/oak_upgraded_gate": {
    "criteria": {
      "has_log": "2024-10-18 01:30:35 +0000"
    },
    "done": true
  },
  "cfm:recipes/decorations/dark_oak_chair": {
    "criteria": {
      "has_log": "2024-10-18 01:28:17 +0000"
    },
    "done": true
  },
  "naturescompass:natures_compass_log": {
    "criteria": {
      "has_log": "2024-10-18 01:13:27 +0000"
    },
    "done": true
  },
  "mcwholidays:recipes/standing_rake": {
    "criteria": {
      "has_planks": "2024-10-18 01:28:29 +0000"
    },
    "done": true
  },
  "cfm:recipes/decorations/crimson_kitchen_drawer": {
    "criteria": {
      "has_chest": "2024-10-18 01:12:43 +0000"
    },
    "done": true
  },
  "cfm:recipes/decorations/oak_desk": {
    "criteria": {
      "has_log": "2024-10-18 01:30:35 +0000"
    },
    "done": true
  },
  "cfm:recipes/decorations/oak_blinds": {
    "criteria": {
      "has_log": "2024-10-18 01:30:35 +0000"
    },
    "done": true
  },
  "cfm:recipes/decorations/dark_oak_cabinet": {
    "criteria": {
      "has_log": "2024-10-18 01:28:17 +0000"
    },
    "done": true
  },
  "cfm:recipes/decorations/acacia_mail_box": {
    "criteria": {
      "has_chest": "2024-10-18 01:12:43 +0000"
    },
    "done": true
  },
  "cfm:recipes/decorations/pink_cooler": {
    "criteria": {
      "has_chest": "2024-10-18 01:12:43 +0000"
    },
    "done": true
  },
  "mcwwindows:recipes/spruce": {
    "criteria": {
      "has_the_recipe": "2024-10-18 01:30:35 +0000"
    },
    "done": true
  },
  "minecraft:recipes/food/cooked_porkchop_from_grill_cooking": {
    "criteria": {
      "has_porkchop": "2024-10-18 01:33:57 +0000"
    },
    "done": true
  },
  "mcwbridges:recipes/bridge_lantern": {
    "criteria": {
      "has_planks": "2024-10-18 01:31:43 +0000"
    },
    "done": true
  },
  "minecraft:recipes/tools/wooden_shovel": {
    "criteria": {
      "has_stick": "2024-10-18 01:28:29 +0000"
    },
    "done": true
  },
  "minecraft:recipes/building_blocks/cobblestone_slab": {
    "criteria": {
      "has_cobblestone": "2024-10-18 01:28:42 +0000"
    },
    "done": true
  },
  "naturescompass:natures_compass_sapling": {
    "criteria": {
      "has_recipe": "2024-10-18 01:13:27 +0000"
    },
    "done": true
  },
  "cfm:recipes/decorations/jungle_mail_box": {
    "criteria": {
      "has_chest": "2024-10-18 01:12:43 +0000"
    },
    "done": true
  },
  "cfm:recipes/decorations/red_sofa": {
    "criteria": {
      "has_wool": "2024-10-18 01:23:58 +0000"
    },
    "done": true
  },
  "cfm:recipes/decorations/green_cooler": {
    "criteria": {
      "has_chest": "2024-10-18 01:12:43 +0000"
    },
    "done": true
  },
  "minecraft:adventure/root": {
    "criteria": {
      "killed_something": "2024-10-18 00:49:42 +0000"
    },
    "done": true
  },
  "mcwbridges:recipes/dark_oak_bridge_pier": {
    "criteria": {
      "has_planks": "2024-10-18 01:28:17 +0000"
    },
    "done": true
  },
  "cfm:recipes/decorations/stripped_crimson_mail_box": {
    "criteria": {
      "has_chest": "2024-10-18 01:12:43 +0000"
    },
    "done": true
  },
  "mcwtrpdoors:recipes/dark_oak/dark_oak_barred_trapdoor": {
    "criteria": {
      "has_logs": "2024-10-18 01:28:17 +0000"
    },
    "done": true
  },
  "cfm:recipes/decorations/oak_table": {
    "criteria": {
      "has_log": "2024-10-18 01:30:35 +0000"
    },
    "done": true
  },
  "minecraft:recipes/misc/iron_ingot_from_blasting_raw_iron": {
    "criteria": {
      "has_raw_iron": "2024-10-18 01:35:11 +0000"
    },
    "done": true
  },
  "mcwtrpdoors:recipes/oak/oak_cottage_trapdoor": {
    "criteria": {
      "has_logs": "2024-10-18 01:30:35 +0000"
    },
    "done": true
  },
  "minecraft:recipes/combat/wooden_sword": {
    "criteria": {
      "has_stick": "2024-10-18 01:28:29 +0000"
    },
    "done": true
  },
  "minecraft:recipes/building_blocks/oak_planks": {
    "criteria": {
      "has_logs": "2024-10-18 01:13:27 +0000"
    },
    "done": true
  },
  "cfm:recipes/decorations/purple_kitchen_drawer": {
    "criteria": {
      "has_chest": "2024-10-18 01:12:43 +0000"
    },
    "done": true
  },
  "mcwfurnitures:recipes/oak": {
    "criteria": {
      "has_wood": "2024-10-18 01:30:35 +0000"
    },
    "done": true
  },
  "cfm:recipes/decorations/green_kitchen_drawer": {
    "criteria": {
      "has_chest": "2024-10-18 01:12:43 +0000"
    },
    "done": true
  },
  "cfm:recipes/decorations/blue_kitchen_drawer": {
    "criteria": {
      "has_chest": "2024-10-18 01:12:43 +0000"
    },
    "done": true
  },
  "minecraft:recipes/combat/crossbow": {
    "criteria": {
      "has_string": "2024-10-18 01:31:08 +0000"
    },
    "done": true
  },
  "chiselsandbits:recipes/tools/chisel_gold": {
    "criteria": {
      "has_rod": "2024-10-18 01:28:29 +0000"
    },
    "done": true
  },
  "minecraft:recipes/food/cooked_porkchop_from_smoking": {
    "criteria": {
      "has_porkchop": "2024-10-18 01:33:57 +0000"
    },
    "done": true
  },
  "create:recipes/building_blocks/crafting/kinetics/green_seat": {
    "criteria": {
      "has_wool": "2024-10-18 01:23:58 +0000"
    },
    "done": true
  },
  "mcwtrpdoors:recipes/dark_oak/dark_oak_barn_trapdoor": {
    "criteria": {
      "has_logs": "2024-10-18 01:28:17 +0000"
    },
    "done": true
  },
  "minecraft:recipes/decorations/barrel": {
    "criteria": {
      "has_planks": "2024-10-18 01:28:25 +0000"
    },
    "done": true
  },
  "minecraft:recipes/decorations/cobblestone_wall_from_cobblestone_stonecutting": {
    "criteria": {
      "has_cobblestone": "2024-10-18 01:28:42 +0000"
    },
    "done": true
  },
  "cfm:recipes/decorations/lime_cooler": {
    "criteria": {
      "has_chest": "2024-10-18 01:12:43 +0000"
    },
    "done": true
  },
  "create:recipes/building_blocks/crafting/kinetics/purple_seat": {
    "criteria": {
      "has_wool": "2024-10-18 01:23:58 +0000"
    },
    "done": true
  },
  "mcwwindows:recipes/stone": {
    "criteria": {
      "has_the_recipe": "2024-10-18 01:30:35 +0000"
    },
    "done": true
  },
  "minecraft:recipes/decorations/lime_banner": {
    "criteria": {
      "has_lime_wool": "2024-10-18 01:23:59 +0000"
    },
    "done": true
  },
  "mcwtrpdoors:recipes/oak/oak_barn_trapdoor": {
    "criteria": {
      "has_logs": "2024-10-18 01:30:35 +0000"
    },
    "done": true
  },
  "cfm:recipes/decorations/white_kitchen_drawer": {
    "criteria": {
      "has_chest": "2024-10-18 01:12:43 +0000"
    },
    "done": true
  },
  "chiselsandbits:recipes/tools/chiseled_printer": {
    "criteria": {
      "has_l": "2024-10-18 01:13:27 +0000"
    },
    "done": true
  },
  "minecraft:recipes/building_blocks/cobblestone_stairs": {
    "criteria": {
      "has_cobblestone": "2024-10-18 01:28:42 +0000"
    },
    "done": true
  },
  "mcwwindows:recipes/crimson": {
    "criteria": {
      "has_the_recipe": "2024-10-18 01:30:35 +0000"
    },
    "done": true
  },
  "mcwtrpdoors:recipes/oak/oak_barred_trapdoor": {
    "criteria": {
      "has_logs": "2024-10-18 01:30:35 +0000"
    },
    "done": true
  },
  "cfm:recipes/decorations/dark_oak_table": {
    "criteria": {
      "has_log": "2024-10-18 01:28:17 +0000"
    },
    "done": true
  },
  "minecraft:recipes/decorations/dark_oak_sign": {
    "criteria": {
      "has_planks": "2024-10-18 01:28:25 +0000"
    },
    "done": true
  },
  "cfm:recipes/decorations/stripped_crimson_kitchen_drawer": {
    "criteria": {
      "has_chest": "2024-10-18 01:12:43 +0000"
    },
    "done": true
  },
  "mcwwindows:recipes/deepslate": {
    "criteria": {
      "has_the_recipe": "2024-10-18 01:30:35 +0000"
    },
    "done": true
  },
  "cfm:recipes/decorations/warped_mail_box": {
    "criteria": {
      "has_chest": "2024-10-18 01:12:43 +0000"
    },
    "done": true
  },
  "aquamirae:adventure/root": {
    "criteria": {
      "crafting_table": "2024-10-18 01:28:28 +0000"
    },
    "done": true
  },
  "mcwroofs:recipes/cobblestone": {
    "criteria": {
      "has_planks": "2024-10-18 01:28:42 +0000"
    },
    "done": true
  },
  "minecraft:recipes/tools/stone_shovel": {
    "criteria": {
      "has_cobblestone": "2024-10-18 01:28:42 +0000"
    },
    "done": true
  },
  "minecraft:recipes/building_blocks/oak_wood": {
    "criteria": {
      "has_log": "2024-10-18 01:30:35 +0000"
    },
    "done": true
  },
  "mcwroofs:recipes/dark_oak_planks": {
    "criteria": {
      "has_planks": "2024-10-18 01:28:25 +0000"
    },
    "done": true
  },
  "minecraft:recipes/food/cooked_beef": {
    "criteria": {
      "has_beef": "2024-10-18 00:56:10 +0000"
    },
    "done": true
  },
  "minecraft:recipes/decorations/red_bed": {
    "criteria": {
      "has_red_wool": "2024-10-18 01:23:58 +0000"
    },
    "done": true
  },
  "cfm:recipes/decorations/stripped_oak_desk": {
    "criteria": {
      "has_planks": "2024-10-18 01:30:35 +0000"
    },
    "done": true
  },
  "mcwwindows:recipes/jungle": {
    "criteria": {
      "has_the_recipe": "2024-10-18 01:30:35 +0000"
    },
    "done": true
  },
  "cfm:recipes/decorations/magenta_cooler": {
    "criteria": {
      "has_chest": "2024-10-18 01:12:43 +0000"
    },
    "done": true
  },
  "cfm:recipes/decorations/stripped_oak_crate": {
    "criteria": {
      "has_planks": "2024-10-18 01:30:35 +0000"
    },
    "done": true
  },
  "cfm:recipes/decorations/gray_cooler": {
    "criteria": {
      "has_chest": "2024-10-18 01:12:43 +0000"
    },
    "done": true
  },
  "minecraft:recipes/redstone/lever": {
    "criteria": {
      "has_cobblestone": "2024-10-18 01:28:42 +0000"
    },
    "done": true
  },
  "cfm:recipes/decorations/oak_kitchen_counter": {
    "criteria": {
      "has_log": "2024-10-18 01:30:35 +0000"
    },
    "done": true
  },
  "cfm:recipes/decorations/stripped_oak_kitchen_counter": {
    "criteria": {
      "has_log": "2024-10-18 01:30:35 +0000"
    },
    "done": true
  },
  "iceandfire:recipes/misc/dragon_meal": {
    "criteria": {
      "has_item": "2024-10-18 00:56:05 +0000"
    },
    "done": true
  },
  "vinery:recipes/dark_oak_wine_rack_big": {
    "criteria": {
      "has_dark_oak_planks": "2024-10-18 01:28:25 +0000"
    },
    "done": true
  },
  "cfm:recipes/decorations/stripped_jungle_kitchen_drawer": {
    "criteria": {
      "has_chest": "2024-10-18 01:12:43 +0000"
    },
    "done": true
  },
  "minecraft:story/obtain_armor": {
    "criteria": {
      "iron_helmet": "2024-10-18 01:11:40 +0000"
    },
    "done": true
  },
  "vinery:recipes/stackable_log": {
    "criteria": {
      "has_oak_log": "2024-10-18 01:30:35 +0000"
    },
    "done": true
  },
  "cfm:recipes/decorations/yellow_kitchen_drawer": {
    "criteria": {
      "has_chest": "2024-10-18 01:12:43 +0000"
    },
    "done": true
  },
  "minecraft:recipes/redstone/dark_oak_fence_gate": {
    "criteria": {
      "has_planks": "2024-10-18 01:28:25 +0000"
    },
    "done": true
  },
  "minecraft:recipes/misc/iron_nugget_from_smelting": {
    "criteria": {
      "has_chainmail_boots": "2024-10-18 01:10:40 +0000"
    },
    "done": true
  },
  "cfm:recipes/decorations/stripped_oak_table": {
    "criteria": {
      "has_planks": "2024-10-18 01:30:35 +0000"
    },
    "done": true
  },
  "mcwtrpdoors:recipes/acacia/dark_oak_bark_trapdoor": {
    "criteria": {
      "has_logs": "2024-10-18 01:28:18 +0000"
    },
    "done": true
  },
  "minecraft:recipes/redstone/dark_oak_trapdoor": {
    "criteria": {
      "has_planks": "2024-10-18 01:28:25 +0000"
    },
    "done": true
  },
  "cfm:recipes/decorations/stripped_oak_desk_cabinet": {
    "criteria": {
      "has_planks": "2024-10-18 01:30:35 +0000"
    },
    "done": true
  },
  "cfm:recipes/decorations/birch_kitchen_drawer": {
    "criteria": {
      "has_chest": "2024-10-18 01:12:43 +0000"
    },
    "done": true
  },
  "create:recipes/building_blocks/crafting/kinetics/brown_seat": {
    "criteria": {
      "has_wool": "2024-10-18 01:23:58 +0000"
    },
    "done": true
  },
  "minecraft:recipes/combat/stone_sword": {
    "criteria": {
      "has_cobblestone": "2024-10-18 01:28:42 +0000"
    },
    "done": true
  },
  "minecraft:recipes/decorations/cobblestone_wall": {
    "criteria": {
      "has_cobblestone": "2024-10-18 01:28:42 +0000"
    },
    "done": true
  },
  "mcwwindows:recipes/oak": {
    "criteria": {
      "has_wood": "2024-10-18 01:30:35 +0000",
      "has_the_recipe": "2024-10-18 01:30:35 +0000"
    },
    "done": true
  },
  "minecraft:recipes/tools/stone_axe": {
    "criteria": {
      "has_cobblestone": "2024-10-18 01:28:42 +0000"
    },
    "done": true
  },
  "cfm:recipes/decorations/oak_bedside_cabinet": {
    "criteria": {
      "has_log": "2024-10-18 01:30:35 +0000"
    },
    "done": true
  },
  "minecraft:recipes/combat/bow": {
    "criteria": {
      "has_string": "2024-10-18 01:31:08 +0000"
    },
    "done": true
  },
  "chiselsandbits:recipes/tools/measuring_tape": {
    "criteria": {
      "has_s": "2024-10-18 01:31:08 +0000"
    },
    "done": true
  },
  "create:recipes/building_blocks/crafting/kinetics/gray_seat": {
    "criteria": {
      "has_wool": "2024-10-18 01:23:58 +0000"
    },
    "done": true
  },
  "cfm:recipes/decorations/stripped_oak_bedside_cabinet": {
    "criteria": {
      "has_planks": "2024-10-18 01:30:35 +0000"
    },
    "done": true
  },
  "vinery:recipes/dark_oak_wine_rack_small": {
    "criteria": {
      "has_dark_oak_planks": "2024-10-18 01:28:25 +0000"
    },
    "done": true
  },
  "cfm:recipes/decorations/dark_oak_upgraded_gate": {
    "criteria": {
      "has_log": "2024-10-18 01:28:17 +0000"
    },
    "done": true
  },
  "mcwfurnitures:recipes/dark_oak": {
    "criteria": {
      "has_wood": "2024-10-18 01:28:18 +0000"
    },
    "done": true
  },
  "minecraft:recipes/decorations/painting": {
    "criteria": {
      "has_wool": "2024-10-18 01:23:58 +0000"
    },
    "done": true
  },
  "cfm:recipes/decorations/oak_mail_box": {
    "criteria": {
      "has_chest": "2024-10-18 01:12:43 +0000"
    },
    "done": true
  },
  "create:recipes/building_blocks/crafting/kinetics/red_seat": {
    "criteria": {
      "has_wool": "2024-10-18 01:23:58 +0000"
    },
    "done": true
  },
  "cfm:recipes/decorations/lime_sofa": {
    "criteria": {
      "has_wool": "2024-10-18 01:23:59 +0000"
    },
    "done": true
  },
  "create:recipes/building_blocks/crafting/kinetics/light_gray_seat": {
    "criteria": {
      "has_wool": "2024-10-18 01:23:58 +0000"
    },
    "done": true
  },
  "botania:recipes/redstone/red_string_dispenser": {
    "criteria": {
      "has_base_block": "2024-10-18 01:23:48 +0000"
    },
    "done": true
  },
  "mcwwindows:recipes/blackstone": {
    "criteria": {
      "has_the_recipe": "2024-10-18 01:30:35 +0000"
    },
    "done": true
  },
  "cfm:recipes/decorations/magenta_kitchen_drawer": {
    "criteria": {
      "has_chest": "2024-10-18 01:12:43 +0000"
    },
    "done": true
  },
  "create:recipes/building_blocks/crafting/kinetics/orange_seat": {
    "criteria": {
      "has_wool": "2024-10-18 01:23:58 +0000"
    },
    "done": true
  },
  "chiselsandbits:recipes/tools/modification_table": {
    "criteria": {
      "has_b": "2024-10-18 01:13:27 +0000"
    },
    "done": true
  },
  "cfm:recipes/decorations/oak_chair": {
    "criteria": {
      "has_log": "2024-10-18 01:30:35 +0000"
    },
    "done": true
  },
  "mcwtrpdoors:recipes/oak/oak_tropical_trapdoor": {
    "criteria": {
      "has_logs": "2024-10-18 01:30:35 +0000"
    },
    "done": true
  },
  "minecraft:recipes/tools/fishing_rod": {
    "criteria": {
      "has_string": "2024-10-18 01:31:08 +0000"
    },
    "done": true
  },
  "cfm:recipes/decorations/stripped_warped_mail_box": {
    "criteria": {
      "has_chest": "2024-10-18 01:12:43 +0000"
    },
    "done": true
  },
  "cfm:recipes/decorations/stripped_oak_cabinet": {
    "criteria": {
      "has_log": "2024-10-18 01:30:35 +0000"
    },
    "done": true
  },
  "mcwdoors:recipes/dark_oak": {
    "criteria": {
      "has_wood": "2024-10-18 01:28:17 +0000"
    },
    "done": true
  },
  "minecraft:recipes/redstone/dark_oak_button": {
    "criteria": {
      "has_planks": "2024-10-18 01:28:25 +0000"
    },
    "done": true
  },
  "cfm:recipes/decorations/purple_cooler": {
    "criteria": {
      "has_chest": "2024-10-18 01:12:43 +0000"
    },
    "done": true
  },
  "cfm:recipes/decorations/dark_oak_kitchen_sink_dark": {
    "criteria": {
      "has_bottom": "2024-10-18 01:28:25 +0000"
    },
    "done": true
  },
  "mcwtrpdoors:recipes/dark_oak/dark_oak_barrel_trapdoor": {
    "criteria": {
      "has_logs": "2024-10-18 01:28:17 +0000"
    },
    "done": true
  },
  "cfm:recipes/decorations/black_cooler": {
    "criteria": {
      "has_chest": "2024-10-18 01:12:43 +0000"
    },
    "done": true
  },
  "vinery:recipes/grapevine_lattice": {
    "criteria": {
      "has_stick": "2024-10-18 01:28:29 +0000"
    },
    "done": true
  },
  "minecraft:recipes/food/cooked_porkchop_from_campfire_cooking": {
    "criteria": {
      "has_porkchop": "2024-10-18 01:33:57 +0000"
    },
    "done": true
  },
  "mcwwindows:recipes/sandstone": {
    "criteria": {
      "has_the_recipe": "2024-10-18 01:30:35 +0000"
    },
    "done": true
  },
  "minecraft:recipes/misc/bone_meal": {
    "criteria": {
      "has_bone": "2024-10-18 01:41:10 +0000"
    },
    "done": true
  },
  "vinery:recipes/vinemaker_apron": {
    "criteria": {
      "has_red_wool": "2024-10-18 01:23:58 +0000"
    },
    "done": true
  },
  "iceandfire:recipes/misc/earplugs": {
    "criteria": {
      "has_item": "2024-10-18 01:28:25 +0000"
    },
    "done": true
  },
  "mcwtrpdoors:recipes/dark_oak/dark_oak_classic_trapdoor": {
    "criteria": {
      "has_logs": "2024-10-18 01:28:18 +0000"
    },
    "done": true
  },
  "mcwtrpdoors:recipes/dark_oak/dark_oak_ranch_trapdoor": {
    "criteria": {
      "has_logs": "2024-10-18 01:28:17 +0000"
    },
    "done": true
  },
  "cfm:recipes/decorations/stripped_dark_oak_chair": {
    "criteria": {
      "has_planks": "2024-10-18 01:28:17 +0000"
    },
    "done": true
  },
  "vinery:recipes/dark_cherry_fence": {
    "criteria": {
      "has_stick": "2024-10-18 01:28:29 +0000"
    },
    "done": true
  },
  "minecraft:recipes/decorations/lime_bed": {
    "criteria": {
      "has_lime_wool": "2024-10-18 01:23:59 +0000"
    },
    "done": true
  },
  "cfm:recipes/decorations/dark_oak_kitchen_drawer": {
    "criteria": {
      "has_chest": "2024-10-18 01:12:43 +0000"
    },
    "done": true
  },
  "create:recipes/building_blocks/crafting/kinetics/cyan_seat": {
    "criteria": {
      "has_wool": "2024-10-18 01:23:58 +0000"
    },
    "done": true
  },
  "mcwtrpdoors:recipes/print_classic": {
    "criteria": {
      "has_logs": "2024-10-18 01:30:35 +0000"
    },
    "done": true
  },
  "minecraft:husbandry/root": {
    "criteria": {
      "consumed_item": "2024-10-18 00:56:07 +0000"
    },
    "done": true
  },
  "cfm:recipes/decorations/stripped_oak_park_bench": {
    "criteria": {
      "has_log": "2024-10-18 01:30:35 +0000"
    },
    "done": true
  },
  "mcwtrpdoors:recipes/oak/oak_four_panel_trapdoor": {
    "criteria": {
      "has_logs": "2024-10-18 01:30:35 +0000"
    },
    "done": true
  },
  "minecraft:recipes/building_blocks/coal_block": {
    "criteria": {
      "has_coal": "2024-10-18 01:31:43 +0000"
    },
    "done": true
  },
  "cfm:recipes/decorations/orange_kitchen_drawer": {
    "criteria": {
      "has_chest": "2024-10-18 01:12:43 +0000"
    },
    "done": true
  },
  "mcwtrpdoors:recipes/dark_oak/dark_oak_mystic_trapdoor": {
    "criteria": {
      "has_logs": "2024-10-18 01:28:18 +0000"
    },
    "done": true
  },
  "cfm:recipes/decorations/pink_kitchen_drawer": {
    "criteria": {
      "has_chest": "2024-10-18 01:12:43 +0000"
    },
    "done": true
  },
  "minecraft:recipes/redstone/dark_oak_pressure_plate": {
    "criteria": {
      "has_planks": "2024-10-18 01:28:25 +0000"
    },
    "done": true
  },
  "cfm:recipes/decorations/stripped_dark_oak_coffee_table": {
    "criteria": {
      "has_planks": "2024-10-18 01:28:17 +0000"
    },
    "done": true
  },
  "cfm:recipes/decorations/stripped_oak_coffee_table": {
    "criteria": {
      "has_planks": "2024-10-18 01:30:35 +0000"
    },
    "done": true
  },
  "mcwtrpdoors:recipes/print_four_panel": {
    "criteria": {
      "has_logs": "2024-10-18 01:28:17 +0000"
    },
    "done": true
  },
  "cfm:recipes/decorations/stripped_birch_mail_box": {
    "criteria": {
      "has_chest": "2024-10-18 01:12:43 +0000"
    },
    "done": true
  },
  "cfm:recipes/decorations/dark_oak_crate": {
    "criteria": {
      "has_log": "2024-10-18 01:28:17 +0000"
    },
    "done": true
  },
  "minecraft:recipes/decorations/dark_oak_fence": {
    "criteria": {
      "has_planks": "2024-10-18 01:28:25 +0000"
    },
    "done": true
  },
  "cfm:recipes/decorations/light_blue_cooler": {
    "criteria": {
      "has_chest": "2024-10-18 01:12:43 +0000"
    },
    "done": true
  },
  "cfm:recipes/decorations/light_blue_kitchen_drawer": {
    "criteria": {
      "has_chest": "2024-10-18 01:12:43 +0000"
    },
    "done": true
  },
  "minecraft:recipes/building_blocks/dark_oak_slab": {
    "criteria": {
      "has_planks": "2024-10-18 01:28:25 +0000"
    },
    "done": true
  },
  "minecraft:recipes/decorations/torch": {
    "criteria": {
      "has_stone_pickaxe": "2024-10-18 01:29:47 +0000"
    },
    "done": true
  },
  "mcwroofs:recipes/dark_oak": {
    "criteria": {
      "has_planks": "2024-10-18 01:28:17 +0000"
    },
    "done": true
  },
  "minecraft:recipes/building_blocks/dark_oak_planks": {
    "criteria": {
      "has_log": "2024-10-18 01:28:17 +0000"
    },
    "done": true
  },
  "mcwbridges:recipes/cobblestone_bridge": {
    "criteria": {
      "has_planks": "2024-10-18 01:28:42 +0000"
    },
    "done": true
  },
  "minecraft:recipes/decorations/red_carpet": {
    "criteria": {
      "has_red_wool": "2024-10-18 01:23:58 +0000"
    },
    "done": true
  },
  "vinery:recipes/grapevine_stem": {
    "criteria": {
      "has_oak_log": "2024-10-18 01:30:35 +0000"
    },
    "done": true
  },
  "create:recipes/building_blocks/crafting/kinetics/pink_seat": {
    "criteria": {
      "has_wool": "2024-10-18 01:23:58 +0000"
    },
    "done": true
  },
  "mcwwindows:recipes/granite": {
    "criteria": {
      "has_the_recipe": "2024-10-18 01:30:35 +0000"
    },
    "done": true
  },
  "mcwwindows:recipes/andesite": {
    "criteria": {
      "has_the_recipe": "2024-10-18 01:30:35 +0000"
    },
    "done": true
  },
  "mcwbridges:recipes/oak_bridge_pier": {
    "criteria": {
      "has_planks": "2024-10-18 01:30:35 +0000"
    },
    "done": true
  },
  "mcwbridges:recipes/rope_dark_oak_bridge": {
    "criteria": {
      "has_planks": "2024-10-18 01:28:25 +0000"
    },
    "done": true
  },
  "mcwwindows:recipes/mangrove": {
    "criteria": {
      "has_the_recipe": "2024-10-18 01:30:35 +0000"
    },
    "done": true
  },
  "create:recipes/building_blocks/crafting/kinetics/black_seat": {
    "criteria": {
      "has_wool": "2024-10-18 01:23:58 +0000"
    },
    "done": true
  },
  "mcwtrpdoors:recipes/acacia/oak_bark_trapdoor": {
    "criteria": {
      "has_logs": "2024-10-18 01:30:35 +0000"
    },
    "done": true
  },
  "cfm:recipes/decorations/dark_oak_bedside_cabinet": {
    "criteria": {
      "has_log": "2024-10-18 01:28:17 +0000"
    },
    "done": true
  },
  "minecraft:recipes/misc/iron_ingot_from_smelting_raw_iron": {
    "criteria": {
      "has_raw_iron": "2024-10-18 01:35:11 +0000"
    },
    "done": true
  },
  "mcwtrpdoors:recipes/oak/oak_barrel_trapdoor": {
    "criteria": {
      "has_logs": "2024-10-18 01:30:35 +0000"
    },
    "done": true
  },
  "chiselsandbits:recipes/tools/wrench": {
    "criteria": {
      "has_p": "2024-10-18 01:28:25 +0000"
    },
    "done": true
  },
  "minecraft:recipes/decorations/lime_carpet": {
    "criteria": {
      "has_lime_wool": "2024-10-18 01:23:59 +0000"
    },
    "done": true
  },
  "mcwtrpdoors:recipes/dark_oak/dark_oak_tropical_trapdoor": {
    "criteria": {
      "has_logs": "2024-10-18 01:28:17 +0000"
    },
    "done": true
  },
  "mcwroofs:recipes/oak": {
    "criteria": {
      "has_planks": "2024-10-18 01:30:35 +0000"
    },
    "done": true
  },
  "minecraft:recipes/food/cooked_beef_from_grill_cooking": {
    "criteria": {
      "has_beef": "2024-10-18 00:56:10 +0000"
    },
    "done": true
  },
  "cfm:recipes/decorations/light_gray_cooler": {
    "criteria": {
      "has_chest": "2024-10-18 01:12:43 +0000"
    },
    "done": true
  },
  "mcwbridges:recipes/cobblestone_bridge_pier": {
    "criteria": {
      "has_planks": "2024-10-18 01:28:42 +0000"
    },
    "done": true
  },
  "cfm:recipes/decorations/oak_park_bench": {
    "criteria": {
      "has_log": "2024-10-18 01:30:35 +0000"
    },
    "done": true
  },
  "vinery:recipes/dark_cherry_fence_gate": {
    "criteria": {
      "has_stick": "2024-10-18 01:28:29 +0000"
    },
    "done": true
  },
  "minecraft:recipes/tools/wooden_pickaxe": {
    "criteria": {
      "has_stick": "2024-10-18 01:28:29 +0000"
    },
    "done": true
  },
  "minecraft:recipes/building_blocks/dark_oak_wood": {
    "criteria": {
      "has_log": "2024-10-18 01:28:17 +0000"
    },
    "done": true
  },
  "chiselsandbits:recipes/tools/chisel_iron": {
    "criteria": {
      "has_rod": "2024-10-18 01:28:29 +0000"
    },
    "done": true
  },
  "mcwwindows:recipes/red_sandstone": {
    "criteria": {
      "has_the_recipe": "2024-10-18 01:30:35 +0000"
    },
    "done": true
  },
  "mcwholidays:recipes/standing_broomstick": {
    "criteria": {
      "has_planks": "2024-10-18 01:28:29 +0000"
    },
    "done": true
  },
  "minecraft:story/upgrade_tools": {
    "criteria": {
      "stone_pickaxe": "2024-10-18 01:29:47 +0000"
    },
    "done": true
  },
  "cfm:recipes/decorations/black_kitchen_drawer": {
    "criteria": {
      "has_chest": "2024-10-18 01:12:43 +0000"
    },
    "done": true
  },
  "mcwtrpdoors:recipes/oak/oak_ranch_trapdoor": {
    "criteria": {
      "has_logs": "2024-10-18 01:30:35 +0000"
    },
    "done": true
  },
  "cfm:recipes/decorations/mangrove_kitchen_drawer": {
    "criteria": {
      "has_chest": "2024-10-18 01:12:43 +0000"
    },
    "done": true
  },
  "cfm:recipes/decorations/stripped_dark_oak_desk": {
    "criteria": {
      "has_planks": "2024-10-18 01:28:17 +0000"
    },
    "done": true
  },
  "cfm:recipes/decorations/stripped_dark_oak_mail_box": {
    "criteria": {
      "has_chest": "2024-10-18 01:12:43 +0000"
    },
    "done": true
  },
  "cfm:recipes/decorations/mangrove_mail_box": {
    "criteria": {
      "has_chest": "2024-10-18 01:12:43 +0000"
    },
    "done": true
  },
  "cfm:recipes/decorations/stripped_dark_oak_desk_cabinet": {
    "criteria": {
      "has_planks": "2024-10-18 01:28:17 +0000"
    },
    "done": true
  },
  "create:recipes/building_blocks/crafting/kinetics/white_seat": {
    "criteria": {
      "has_wool": "2024-10-18 01:23:58 +0000"
    },
    "done": true
  },
  "cfm:recipes/decorations/yellow_cooler": {
    "criteria": {
      "has_chest": "2024-10-18 01:12:43 +0000"
    },
    "done": true
  },
  "cfm:recipes/decorations/spruce_mail_box": {
    "criteria": {
      "has_chest": "2024-10-18 01:12:43 +0000"
    },
    "done": true
  },
  "cfm:recipes/decorations/white_cooler": {
    "criteria": {
      "has_chest": "2024-10-18 01:12:43 +0000"
    },
    "done": true
  },
  "chiselsandbits:recipes/tools/bit_bag": {
    "criteria": {
      "has_w": "2024-10-18 01:23:58 +0000"
    },
    "done": true
  },
  "mcwwindows:recipes/acacia": {
    "criteria": {
      "has_the_recipe": "2024-10-18 01:30:35 +0000"
    },
    "done": true
  },
  "minecraft:recipes/building_blocks/white_wool_from_string": {
    "criteria": {
      "has_string": "2024-10-18 01:31:08 +0000"
    },
    "done": true
  },
  "cfm:recipes/decorations/stripped_oak_chair": {
    "criteria": {
      "has_planks": "2024-10-18 01:30:35 +0000"
    },
    "done": true
  },
  "mcwbridges:recipes/cobblestone_bridge_stair": {
    "criteria": {
      "has_planks": "2024-10-18 01:28:42 +0000"
    },
    "done": true
  },
  "mcwbridges:recipes/balustrade_cobblestone_bridge": {
    "criteria": {
      "has_planks": "2024-10-18 01:28:42 +0000"
    },
    "done": true
  },
  "cfm:recipes/decorations/stripped_spruce_kitchen_drawer": {
    "criteria": {
      "has_chest": "2024-10-18 01:12:43 +0000"
    },
    "done": true
  },
  "mcwwindows:recipes/bricks": {
    "criteria": {
      "has_the_recipe": "2024-10-18 01:30:35 +0000"
    },
    "done": true
  },
  "mcwtrpdoors:recipes/dark_oak/dark_oak_swamp_trapdoor": {
    "criteria": {
      "has_logs": "2024-10-18 01:28:17 +0000"
    },
    "done": true
  },
  "cfm:recipes/decorations/dark_oak_desk": {
    "criteria": {
      "has_log": "2024-10-18 01:28:17 +0000"
    },
    "done": true
  },
  "cfm:recipes/decorations/oak_cabinet": {
    "criteria": {
      "has_log": "2024-10-18 01:30:35 +0000"
    },
    "done": true
  },
  "minecraft:recipes/misc/iron_nugget_from_blasting": {
    "criteria": {
      "has_chainmail_boots": "2024-10-18 01:10:40 +0000"
    },
    "done": true
  },
  "minecraft:adventure/kill_a_mob": {
    "criteria": {
      "minecraft:skeleton": "2024-10-18 00:50:39 +0000"
    },
    "done": true
  },
  "mcwbridges:recipes/dark_oak_rail_bridge": {
    "criteria": {
      "has_planks": "2024-10-18 01:28:25 +0000"
    },
    "done": true
  },
  "create:recipes/building_blocks/crafting/kinetics/lime_seat": {
    "criteria": {
      "has_wool": "2024-10-18 01:23:58 +0000"
    },
    "done": true
  },
  "bakery:recipes/bread_box": {
    "criteria": {
      "has_stick": "2024-10-18 01:28:29 +0000"
    },
    "done": true
  },
  "cfm:recipes/decorations/warped_kitchen_drawer": {
    "criteria": {
      "has_chest": "2024-10-18 01:12:43 +0000"
    },
    "done": true
  },
  "cfm:recipes/decorations/spruce_kitchen_drawer": {
    "criteria": {
      "has_chest": "2024-10-18 01:12:43 +0000"
    },
    "done": true
  },
  "minecraft:recipes/building_blocks/cobblestone_stairs_from_cobblestone_stonecutting": {
    "criteria": {
      "has_cobblestone": "2024-10-18 01:28:42 +0000"
    },
    "done": true
  },
  "cfm:recipes/decorations/lime_kitchen_drawer": {
    "criteria": {
      "has_chest": "2024-10-18 01:12:43 +0000"
    },
    "done": true
  },
  "mcwpaths:recipes/cobblestone": {
    "criteria": {
      "has_wood": "2024-10-18 01:28:42 +0000"
    },
    "done": true
  },
  "mcwdoors:recipes/oak": {
    "criteria": {
      "has_wood": "2024-10-18 01:30:35 +0000"
    },
    "done": true
  },
  "minecraft:husbandry/balanced_diet": {
    "criteria": {
      "cooked_beef": "2024-10-18 00:56:07 +0000",
      "glow_berries": "2024-10-18 01:42:21 +0000"
    },
    "done": false
  },
  "cfm:recipes/decorations/oak_kitchen_drawer": {
    "criteria": {
      "has_chest": "2024-10-18 01:12:43 +0000"
    },
    "done": true
  },
  "mcwwindows:recipes/prismarine": {
    "criteria": {
      "has_the_recipe": "2024-10-18 01:30:35 +0000"
    },
    "done": true
  },
  "cfm:recipes/decorations/stripped_acacia_mail_box": {
    "criteria": {
      "has_chest": "2024-10-18 01:12:43 +0000"
    },
    "done": true
  },
  "cfm:recipes/decorations/stripped_birch_kitchen_drawer": {
    "criteria": {
      "has_chest": "2024-10-18 01:12:43 +0000"
    },
    "done": true
  },
  "mcwtrpdoors:recipes/dark_oak/dark_oak_paper_trapdoor": {
    "criteria": {
      "has_logs": "2024-10-18 01:28:17 +0000"
    },
    "done": true
  },
  "minecraft:recipes/tools/stone_hoe": {
    "criteria": {
      "has_cobblestone": "2024-10-18 01:28:42 +0000"
    },
    "done": true
  },
  "minecraft:recipes/decorations/loom": {
    "criteria": {
      "has_string": "2024-10-18 01:31:08 +0000"
    },
    "done": true
  },
  "mcwwindows:recipes/metal": {
    "criteria": {
      "has_the_recipe": "2024-10-18 01:30:35 +0000"
    },
    "done": true
  },
  "cfm:recipes/decorations/dark_oak_kitchen_counter": {
    "criteria": {
      "has_log": "2024-10-18 01:28:17 +0000"
    },
    "done": true
  },
  "cfm:recipes/decorations/brown_cooler": {
    "criteria": {
      "has_chest": "2024-10-18 01:12:43 +0000"
    },
    "done": true
  },
  "minecraft:story/root": {
    "criteria": {
      "crafting_table": "2024-10-18 01:28:28 +0000"
    },
    "done": true
  },
  "mcwtrpdoors:recipes/dark_oak/dark_oak_blossom_trapdoor": {
    "criteria": {
      "has_plankss": "2024-10-18 01:28:25 +0000"
    },
    "done": true
  },
  "cfm:recipes/decorations/light_gray_kitchen_drawer": {
    "criteria": {
      "has_chest": "2024-10-18 01:12:43 +0000"
    },
    "done": true
  },
  "create:recipes/building_blocks/crafting/kinetics/yellow_seat": {
    "criteria": {
      "has_wool": "2024-10-18 01:23:58 +0000"
    },
    "done": true
  },
  "mcwlights:recipes/torches": {
    "criteria": {
      "has_the_recipe": "2024-10-18 01:29:47 +0000"
    },
    "done": true
  },
  "cfm:recipes/decorations/stripped_warped_kitchen_drawer": {
    "criteria": {
      "has_chest": "2024-10-18 01:12:43 +0000"
    },
    "done": true
  },
  "minecraft:recipes/food/cooked_beef_from_campfire_cooking": {
    "criteria": {
      "has_beef": "2024-10-18 00:56:10 +0000"
    },
    "done": true
  },
  "DataVersion": 3465
}